,length,condition,lat,lon,intersection,model_type,id,road
0,4.0,,23.7060278,90.443333,,source,10000,N1
1,1800.0,NaN,23.702383230000002,90.45109703999995,,link,10001,N1
2,11.3,A,23.69873866,90.4588610799999,,bridge,10002,N1
3,3125.0,NaN,23.6967012481818,90.47331799909085,,link,10003,N1
4,6.6,A,23.6946638363636,90.4877749181818,,bridge,10004,N1
5,3838.0,NaN,23.7003735681818,90.5046510090909,N2,link,10005,N1
6,4.0,,23.7060833,90.5215271,N2,intersection,10006,N1
7,213.00000000000097,NaN,23.70557159628375,90.52237062317565,,link,10007,N1
8,394.23,A,23.7050598925675,90.5232141463513,,bridge,10008,N1
9,1566.9999999999984,NaN,23.7007299897392,90.529156563228,,link,10009,N1
10,8.0,B,23.6964000869109,90.5350989801047,,bridge,10010,N1
11,337.00000000000153,NaN,23.695395350523498,90.5363365287958,,link,10011,N1
12,6.3,A,23.6943906141361,90.5375740774869,,bridge,10012,N1
13,16.99999999999946,NaN,23.694346500525953,90.53764072472475,,link,10013,N1
14,6.3,A,23.6943023869158,90.5377073719626,,bridge,10014,N1
15,398.99999999999915,NaN,23.693331269392452,90.5393128808411,,link,10015,N1
16,8.3,A,23.6923601518691,90.5409183897196,,bridge,10016,N1
17,512.0000000000005,NaN,23.6916360416921,90.54319044273855,,link,10017,N1
18,10.6,B,23.6909119315151,90.5454624957575,,bridge,10018,N1
19,128.0000000000001,NaN,23.69066411575755,90.54602274787875,N105,link,10019,N1
20,4.0,,23.6904163,90.546583,N105,intersection,10020,N1
21,303.0000000000008,NaN,23.6894143130102,90.54757076454081,,link,10021,N1
22,9.3,A,23.6884123260204,90.5485585290816,,bridge,10022,N1
23,13.999999999999346,NaN,23.6883660295918,90.5486041683673,,link,10023,N1
24,6.1,A,23.6883197331632,90.548649807653,,bridge,10024,N1
25,407.0,NaN,23.686951380095103,90.54992889436701,,link,10025,N1
26,27.5,A,23.685583027027,90.551207981081,,bridge,10026,N1
27,28.00000000000047,NaN,23.6854725024806,90.5512835788034,,link,10027,N1
28,27.5,A,23.6853619779342,90.5513591765258,,bridge,10028,N1
29,885.9999999999992,NaN,23.6815827389671,90.55358930576286,,link,10029,N1
30,11.9,A,23.6778035,90.5558194349999,,bridge,10030,N1
31,1891.0,NaN,23.67055628480745,90.55983821489846,,link,10031,N1
32,5.55,B,23.6633090696149,90.563856994797,,bridge,10032,N1
33,1669.0000000000005,NaN,23.65886738736425,90.5702936098985,,link,10033,N1
34,159.52,C,23.6544257051136,90.576730225,,bridge,10034,N1
35,88.00000000000097,NaN,23.6541989825568,90.5770703225,,link,10035,N1
36,20.45,A,23.65397226,90.57741042,,bridge,10036,N1
37,0.0,NaN,23.65397226,90.57741042,,link,10037,N1
38,20.5,A,23.65397226,90.57741042,,bridge,10038,N1
39,500.0,NaN,23.6527714131858,90.5794524073451,,link,10039,N1
40,20.0,B,23.6515705663716,90.5814943946902,,bridge,10040,N1
41,370.99999999999864,NaN,23.6506624828632,90.58302170161924,,link,10041,N1
42,25.5,A,23.6497543993548,90.5845490085483,,bridge,10042,N1
43,0.0,NaN,23.6497543993548,90.5845490085483,,link,10043,N1
44,25.5,B,23.6497543993548,90.5845490085483,,bridge,10044,N1
45,649.0000000000009,NaN,23.647861497135,90.5868804949521,,link,10045,N1
46,40.5,C,23.6459685949152,90.5892119813559,,bridge,10046,N1
47,0.0,NaN,23.6459685949152,90.5892119813559,,link,10047,N1
48,40.33,B,23.6459685949152,90.5892119813559,,bridge,10048,N1
49,1018.0000000000007,NaN,23.6419614832268,90.5914396895241,,link,10049,N1
50,6.0,A,23.6379543715384,90.5936673976923,,bridge,10050,N1
51,636.9999999999969,NaN,23.6358797957692,90.59553074134615,,link,10051,N1
52,10.4,B,23.63380522,90.597394085,,bridge,10052,N1
53,787.0000000000026,NaN,23.6311360353846,90.59984782865385,,link,10053,N1
54,89.75,A,23.6284668507692,90.6023015723077,,bridge,10054,N1
55,0.0,NaN,23.6284668507692,90.6023015723077,,link,10055,N1
56,86.92,A,23.6284668507692,90.6023015723077,,bridge,10056,N1
57,1143.9999999999984,NaN,23.624175036860002,90.6053272287768,,link,10057,N1
58,5.5,B,23.6198832229508,90.6083528852459,,bridge,10058,N1
59,268.0000000000007,NaN,23.61876200971065,90.60895174791705,,link,10059,N1
60,224.82,B,23.6176407964705,90.6095506105882,,bridge,10060,N1
61,0.0,NaN,23.6176407964705,90.6095506105882,,link,10061,N1
62,224.8,A,23.6176407964705,90.6095506105882,,bridge,10062,N1
63,484.99999999999943,NaN,23.615614090427748,90.61022678336894,,link,10063,N1
64,119.32,A,23.613587384385,90.6109029561497,,bridge,10064,N1
65,0.0,NaN,23.613587384385,90.6109029561497,,link,10065,N1
66,119.48,A,23.613587384385,90.6109029561497,,bridge,10066,N1
67,1312.0000000000011,NaN,23.60817348647165,90.61321732635861,,link,10067,N1
68,924.85,A,23.6027595885583,90.6155316965675,,bridge,10068,N1
69,1721.9999999999977,NaN,23.5978707356738,90.6217508168297,,link,10069,N1
70,5.6,A,23.5929818827893,90.6279699370919,,bridge,10070,N1
71,337.0000000000033,NaN,23.59189536876805,90.62910339845101,,link,10071,N1
72,5.5,A,23.5908088547468,90.6302368598101,,bridge,10072,N1
73,667.9999999999993,NaN,23.588563488643402,90.6323731402597,,link,10073,N1
74,5.6,A,23.58631812254,90.6345094207093,,bridge,10074,N1
75,1195.0000000000002,NaN,23.58214907369375,90.6382143648516,,link,10075,N1
76,172.1,A,23.5779800248475,90.6419193089939,,bridge,10076,N1
77,0.0,NaN,23.5779800248475,90.6419193089939,,link,10077,N1
78,173.25,A,23.5779800248475,90.6419193089939,,bridge,10078,N1
79,823.0000000000005,NaN,23.574805325272,90.64366761633906,,link,10079,N1
80,29.85,A,23.5716306256965,90.6454159236842,,bridge,10080,N1
81,0.0,NaN,23.5716306256965,90.6454159236842,,link,10081,N1
82,29.77,A,23.5716306256965,90.6454159236842,,bridge,10082,N1
83,703.999999999997,NaN,23.5688170106743,90.6470198242062,,link,10083,N1
84,34.7,A,23.5660033956521,90.6486237247282,,bridge,10084,N1
85,1066.0000000000025,NaN,23.56259721264085,90.65218564754925,,link,10085,N1
86,27.4,A,23.5591910296296,90.6557475703703,,bridge,10086,N1
87,564.0,NaN,23.55744965987805,90.6577444974636,,link,10087,N1
88,29.85,A,23.5557082901265,90.6597414245569,,bridge,10088,N1
89,0.0,NaN,23.5557082901265,90.6597414245569,,link,10089,N1
90,29.83,A,23.5557082901265,90.6597414245569,,bridge,10090,N1
91,649.0000000000009,NaN,23.55372524042405,90.6620476499073,,link,10091,N1
92,29.87,A,23.5517421907216,90.6643538752577,,bridge,10092,N1
93,0.0,NaN,23.5517421907216,90.6643538752577,,link,10093,N1
94,29.9,A,23.5517421907216,90.6643538752577,,bridge,10094,N1
95,655.9999999999989,NaN,23.5497399676822,90.66670464253954,,link,10095,N1
96,9.1,A,23.5477377446428,90.6690554098214,,bridge,10096,N1
97,18.99999999999835,NaN,23.54768119419635,90.6691237377232,,link,10097,N1
98,5.2,A,23.5476246437499,90.669192065625,,bridge,10098,N1
99,795.0000000000017,NaN,23.54515503749995,90.6720106390625,,link,10099,N1
100,72.49,A,23.54268543125,90.6748292125,,bridge,10100,N1
101,0.0,NaN,23.54268543125,90.6748292125,,link,10101,N1
102,59.83,A,23.54268543125,90.6748292125,,bridge,10102,N1
103,519.999999999996,NaN,23.541038224025,90.67664350065,,link,10103,N1
104,5.1,C,23.5393910168,90.6784577888,,bridge,10104,N1
105,1070.0000000000002,NaN,23.53608310333085,90.68216394831705,,link,10105,N1
106,9.5,A,23.5327751898617,90.6858701078341,,bridge,10106,N1
107,227.00000000000387,NaN,23.53208742519195,90.68665951689705,,link,10107,N1
108,25.45,A,23.5313996605222,90.68744892596,,bridge,10108,N1
109,0.0,NaN,23.5313996605222,90.68744892596,,link,10109,N1
110,25.45,A,23.5313996605222,90.68744892596,,bridge,10110,N1
111,298.9999999999995,NaN,23.530775811586402,90.68862205484746,,link,10111,N1
112,8.4,A,23.5301519626506,90.6897951837349,,bridge,10112,N1
113,1302.9999999999973,NaN,23.530268217975298,90.69611772901746,,link,10113,N1
114,1408.8,A,23.5303844733,90.7024402743,,bridge,10114,N1
115,2294.000000000004,NaN,23.53140153665,90.71336049885,,link,10115,N1
116,23.1,C,23.5324186,90.7242807234,,bridge,10116,N1
117,555.9999999999974,NaN,23.532088691599952,90.72672936645,,link,10117,N1
118,6.0,B,23.5317587831999,90.7291780095,,bridge,10118,N1
119,3076.0000000000005,NaN,23.53078192214995,90.74371562975,,link,10119,N1
120,16.5,C,23.5298050611,90.75825325,,bridge,10120,N1
121,2228.0000000000014,NaN,23.530285294660402,90.76916648757665,,link,10121,N1
122,3.9,C,23.5307655282208,90.7800797251533,,bridge,10122,N1
123,1707.0000000000007,NaN,23.5308169345816,90.785943621163,,link,10123,N1
124,6.5,C,23.5308683409424,90.7918075171727,,bridge,10124,N1
125,1512.9999999999982,NaN,23.5313459087212,90.80141151533635,,link,10125,N1
126,15.9,A,23.5318234765,90.8110155135,,bridge,10126,N1
127,2173.9999999999995,NaN,23.5323989028,90.82099649484995,,link,10127,N1
128,12.2,A,23.5329743291,90.8309774761999,,bridge,10128,N1
129,1755.0000000000025,NaN,23.52794549715,90.83759804469994,,link,10129,N1
130,4.5,C,23.5229166652,90.8442186132,,bridge,10130,N1
131,3692.9999999999977,NaN,23.5165022117035,90.85996950836764,,link,10131,N1
132,28.9,C,23.510087758207,90.8757204035353,,bridge,10132,N1
133,2832.000000000001,NaN,23.508045096153502,90.88894747121765,,link,10133,N1
134,5.9,B,23.5060024341,90.9021745389,,bridge,10134,N1
135,1991.9999999999973,NaN,23.505807787850003,90.91182028035,,link,10135,N1
136,3.0,B,23.5056131416,90.9214660218,,bridge,10136,N1
137,2268.000000000001,NaN,23.5040104632,90.9323539573,,link,10137,N1
138,6.0,B,23.5024077848,90.9432418928,,bridge,10138,N1
139,439.9999999999977,NaN,23.5018814886,90.94531315084996,,link,10139,N1
140,3.0,A,23.5013551924,90.9473844088999,,bridge,10140,N1
141,2640.0000000000005,NaN,23.4986257532,90.95948083024994,,link,10141,N1
142,4.6,B,23.495896314,90.9715772516,,bridge,10142,N1
143,1862.000000000009,NaN,23.4945845643,90.9801486466,,link,10143,N1
144,4.5,A,23.4932728146,90.9887200416,,bridge,10144,N1
145,3115.9999999999995,NaN,23.4900767041627,91.0031433671235,,link,10145,N1
146,23.1,C,23.4868805937254,91.017566692647,,bridge,10146,N1
147,3122.9999999999905,NaN,23.484333958515947,91.0319507888608,,link,10147,N1
148,4.6,B,23.4817873233065,91.0463348850746,,bridge,10148,N1
149,1033.0000000000014,NaN,23.48176857658745,91.05134492687941,,link,10149,N1
150,4.6,B,23.4817498298684,91.0563549686842,,bridge,10150,N1
151,1168.9999999999968,NaN,23.4811814579342,91.0618823689421,,link,10151,N1
152,1.5,A,23.480613086,91.0674097692,,bridge,10152,N1
153,1901.0000000000105,NaN,23.479142685550002,91.07607520425,,link,10153,N1
154,1.0,C,23.4776722851,91.0847406393,,bridge,10154,N1
155,2566.999999999993,NaN,23.4778940950191,91.0958869233537,,link,10155,N1
156,3.0,B,23.4781159049382,91.1070332074074,,bridge,10156,N1
157,897.0000000000056,NaN,23.4785437524691,91.1125996037037,N102,link,10157,N1
158,4.0,,23.4789716,91.118166,N102,intersection,10158,N1
159,590.999999999994,NaN,23.479189994036652,91.1210290412844,,link,10159,N1
160,1.4,A,23.4794083880733,91.1238920825688,,bridge,10160,N1
161,552.0000000000067,NaN,23.47947665603665,91.1264696132844,,link,10161,N1
162,2.9,A,23.479544924,91.129047144,,bridge,10162,N1
163,4723.999999999989,NaN,23.4615894419136,91.13920697955939,,link,10163,N1
164,23.4,A,23.4436339598272,91.1493668151188,,bridge,10164,N1
165,3379.000000000005,NaN,23.432441365159498,91.15863057617764,,link,10165,N1
166,35.97,C,23.4212487704918,91.1678943372365,,bridge,10166,N1
167,2507.9999999999955,NaN,23.4165905967538,91.18089866107854,,link,10167,N1
168,27.35,C,23.4119324230158,91.1939029849206,,bridge,10168,N1
169,3657.000000000011,NaN,23.40479212140225,91.20866255980326,,link,10169,N1
170,27.9,A,23.3976518197887,91.2234221346859,,bridge,10170,N1
171,3680.9999999999973,NaN,23.38450829764435,91.23421983809291,,link,10171,N1
172,30.48,A,23.3713647755,91.2450175414999,,bridge,10172,N1
173,2518.000000000001,NaN,23.36176422646905,91.25115430808614,,link,10173,N1
174,22.8,C,23.3521636774381,91.2572910746724,,bridge,10174,N1
175,1296.999999999997,NaN,23.34741757471905,91.26088835533619,,link,10175,N1
176,14.3,A,23.342671472,91.264485636,,bridge,10176,N1
177,1766.0000000000055,NaN,23.3364088522,91.2696824592,,link,10177,N1
178,24.0,A,23.3301462324,91.2748792824,,bridge,10178,N1
179,1605.9999999999945,NaN,23.3241079596569,91.27898300728505,,link,10179,N1
180,9.2,A,23.3180696869138,91.2830867321701,,bridge,10180,N1
181,1164.0000000000014,NaN,23.31321548001995,91.2848327178218,,link,10181,N1
182,19.2,B,23.3083612731261,91.2865787034735,,bridge,10182,N1
183,608.0000000000041,NaN,23.3058959590796,91.2877778716043,,link,10183,N1
184,2.6,B,23.3034306450331,91.2889770397351,,bridge,10184,N1
185,653.9999999999964,NaN,23.30069908610035,91.28999558836466,,link,10185,N1
186,3.2,A,23.2979675271676,91.2910141369942,,bridge,10186,N1
187,957.9999999999984,NaN,23.2938370829065,91.29198630405486,,link,10187,N1
188,13.4,A,23.2897066386454,91.2929584711155,,bridge,10188,N1
189,959.9999999999937,NaN,23.28595078224255,91.2948119904027,,link,10189,N1
190,4.6,B,23.2821949258397,91.2966655096899,,bridge,10190,N1
191,1248.0000000000045,NaN,23.27760693791985,91.29981584894495,,link,10191,N1
192,6.3,B,23.27301895,91.3029661882,,bridge,10192,N1
193,1335.000000000008,NaN,23.2674275220297,91.3049939634069,,link,10193,N1
194,3.0,B,23.2618360940594,91.3070217386138,,bridge,10194,N1
195,273.9999999999867,NaN,23.260626372029698,91.30719141930689,,link,10195,N1
196,3.0,B,23.25941665,91.3073611,,bridge,10196,N1
197,199.00000000001228,NaN,23.258529813744047,91.30748837470375,,link,10197,N1
198,3.6,B,23.2576429774881,91.3076156494075,,bridge,10198,N1
199,548.9999999999924,NaN,23.255194658649252,91.3080041449644,,link,10199,N1
200,4.5,B,23.2527463398104,91.3083926405213,,bridge,10200,N1
201,1013.0000000000052,NaN,23.24856892620145,91.30989793489024,,link,10201,N1
202,2.5,B,23.2443915125925,91.3114032292592,,bridge,10202,N1
203,182.00000000000216,NaN,23.2436477872778,91.31168859162345,,link,10203,N1
204,19.2,B,23.2429040619631,91.3119739539877,,bridge,10204,N1
205,357.9999999999899,NaN,23.241348046465,91.3122740200171,,link,10205,N1
206,2.6,A,23.2397920309669,91.3125740860465,,bridge,10206,N1
207,422.00000000001125,NaN,23.2379339913096,91.31278214186045,,link,10207,N1
208,2.5,A,23.2360759516523,91.3129901976744,,bridge,10208,N1
209,806.999999999988,NaN,23.232497771808248,91.31320613276574,,link,10209,N1
210,3.1,B,23.2289195919642,91.3134220678571,,bridge,10210,N1
211,334.0000000000032,NaN,23.22741901961075,91.3134958927893,,link,10211,N1
212,2.6,B,23.2259184472573,91.3135697177215,,bridge,10212,N1
213,438.0000000000024,NaN,23.2239761725175,91.31363515552741,,link,10213,N1
214,6.0,A,23.2220338977777,91.3137005933333,,bridge,10214,N1
215,1006.0000000000002,NaN,23.217614734961252,91.3145251668616,,link,10215,N1
216,14.3,B,23.2131955721448,91.3153497403899,,bridge,10216,N1
217,932.9999999999927,NaN,23.20911710046925,91.3158332343324,,link,10217,N1
218,6.1,A,23.2050386287937,91.3163167282749,,bridge,10218,N1
219,1036.0000000000014,NaN,23.200613712084703,91.31699361760565,,link,10219,N1
220,6.1,A,23.1961887953757,91.3176705069364,,bridge,10220,N1
221,1078.000000000003,NaN,23.19181191040295,91.31928781933814,,link,10221,N1
222,6.1,C,23.1874350254302,91.3209051317399,,bridge,10222,N1
223,665.0000000000063,NaN,23.184615420206953,91.32089194160285,,link,10223,N1
224,9.5,B,23.1817958149837,91.3208787514658,,bridge,10224,N1
225,1063.999999999993,NaN,23.1772115234259,91.32072810787575,,link,10225,N1
226,3.1,B,23.1726272318681,91.3205774642857,,bridge,10226,N1
227,1037.9999999999968,NaN,23.168070549393597,91.32108320537515,,link,10227,N1
228,9.5,A,23.1635138669191,91.3215889464646,,bridge,10228,N1
229,1225.0000000000086,NaN,23.1581251809279,91.3229534118399,,link,10229,N1
230,6.3,B,23.1527364949367,91.3243178772152,,bridge,10230,N1
231,1093.999999999994,NaN,23.14820163143505,91.325492962123,,link,10231,N1
232,3.5,B,23.1436667679334,91.3266680470308,,bridge,10232,N1
233,524.0000000000009,NaN,23.14132804398395,91.32651329095924,,link,10233,N1
234,6.1,B,23.1389893200345,91.3263585348877,,bridge,10234,N1
235,664.0000000000157,NaN,23.136126644315652,91.32695247568435,,link,10235,N1
236,3.0,B,23.1332639685968,91.327546416481,,bridge,10236,N1
237,956.9999999999936,NaN,23.12925016318725,91.32896639268489,,link,10237,N1
238,6.5,A,23.1252363577777,91.3303863688888,,bridge,10238,N1
239,664.999999999992,NaN,23.122466867598497,91.331601440896,,link,10239,N1
240,4.5,B,23.1196973774193,91.3328165129032,,bridge,10240,N1
241,502.00000000000955,NaN,23.11776126640965,91.3339554989516,,link,10241,N1
242,5.3,B,23.1158251554,91.335094485,,bridge,10242,N1
243,1075.9999999999934,NaN,23.1116268002694,91.33757201430555,,link,10243,N1
244,6.1,A,23.1074284451388,91.3400495436111,,bridge,10244,N1
245,717.9999999999893,NaN,23.10459238289545,91.34160627126205,,link,10245,N1
246,3.1,B,23.1017563206521,91.343162998913,,bridge,10246,N1
247,552.9999999999973,NaN,23.09955378668965,91.34432931491105,,link,10247,N1
248,9.5,B,23.0973512527272,91.3454956309091,,bridge,10248,N1
249,548.0000000000018,NaN,23.0951905448229,91.3466632347859,,link,10249,N1
250,3.1,A,23.0930298369186,91.3478308386627,,bridge,10250,N1
251,749.0000000000236,NaN,23.090052603966498,91.34952049396901,,link,10251,N1
252,9.25,B,23.0870753710144,91.3512101492753,,bridge,10252,N1
253,651.9999999999868,NaN,23.084533162072653,91.3526956483568,,link,10253,N1
254,3.5,A,23.0819909531309,91.3541811474383,,bridge,10254,N1
255,524.0000000000009,NaN,23.0799778289153,91.3553908252857,,link,10255,N1
256,14.2,B,23.0779647046997,91.3566005031331,,bridge,10256,N1
257,956.9999999999936,NaN,23.07408144434985,91.35845135156654,,link,10257,N1
258,6.1,B,23.070198184,91.3603022,,bridge,10258,N1
259,1097.0000000000084,NaN,23.06547275866665,91.36108233095236,,link,10259,N1
260,4.0,B,23.0607473333333,91.3618624619047,,bridge,10260,N1
261,2578.0000000000027,NaN,23.0493600694444,91.3637704671703,,link,10261,N1
262,10.8,A,23.0379728055555,91.3656784724359,,bridge,10262,N1
263,1262.0000000000005,NaN,23.032476461314303,91.365589478204,,link,10263,N1
264,1.6,A,23.0269801170731,91.3655004839721,,bridge,10264,N1
265,2145.9999999999864,NaN,23.019692479057703,91.37174004947789,,link,10265,N1
266,3.4,A,23.0124048410423,91.3779796149837,,bridge,10266,N1
267,469.99999999999886,NaN,23.010980220521148,91.37967000749185,N104,link,10267,N1
268,4.0,,23.0095556,91.3813604,N104,intersection,10268,N1
269,1887.0000000000005,NaN,23.004402178,91.3885678,,link,10269,N1
270,1.5,A,22.999248756,91.3957752,,bridge,10270,N1
271,855.0000000000182,NaN,22.9969884176401,91.39903234503815,,link,10271,N1
272,23.4,A,22.9947280792802,91.4022894900763,,bridge,10272,N1
273,22.999999999996135,NaN,22.9946608462922,91.40237170190835,,link,10273,N1
274,22.15,A,22.9945936133042,91.4024539137404,,bridge,10274,N1
275,320.99999999999795,NaN,22.993655274645548,91.4036013049618,,link,10275,N1
276,1.9,A,22.9927169359869,91.4047486961832,,bridge,10276,N1
277,5347.9999999999845,NaN,22.9770828364619,91.42387244944295,,link,10277,N1
278,98.87,C,22.9614487369369,91.4429962027027,,bridge,10278,N1
279,4188.000000000016,NaN,22.95502630180175,91.461247793018,,link,10279,N1
280,1.5,A,22.9486038666666,91.4794993833333,,bridge,10280,N1
281,2347.9999999999845,NaN,22.94910823783565,91.49078314142966,,link,10281,N1
282,191.5,B,22.9496126090047,91.502066899526,,bridge,10282,N1
283,4804.000000000002,NaN,22.9322886575725,91.51417821730685,,link,10283,N1
284,222.43,A,22.9149647061403,91.5262895350877,,bridge,10284,N1
285,641.9999999999959,NaN,22.91233879727075,91.52760901926794,,link,10285,N1
286,6.1,A,22.9097128884012,91.5289285034482,,bridge,10286,N1
287,654.0000000000248,NaN,22.90697959196175,91.53027914053004,,link,10287,N1
288,3.0,A,22.9042462955223,91.5316297776119,,bridge,10288,N1
289,1483.9999999999804,NaN,22.89794244776115,91.53355083880595,,link,10289,N1
290,3.0,A,22.8916386,91.5354719,,bridge,10290,N1
291,1969.9999999999989,NaN,22.883168647058802,91.5381777823529,,link,10291,N1
292,4.3,A,22.8746986941176,91.5408836647058,,bridge,10292,N1
293,241.00000000001387,NaN,22.873710364504802,91.54123977066226,,link,10293,N1
294,2.0,A,22.872722034892,91.5415958766187,,bridge,10294,N1
295,550.9999999999877,NaN,22.87038920255235,91.5424461053306,,link,10295,N1
296,1.5,A,22.8680563702127,91.5432963340425,,bridge,10296,N1
297,829.0000000000077,NaN,22.8645220287318,91.5442257528778,,link,10297,N1
298,4.3,A,22.8609876872509,91.5451551717131,,bridge,10298,N1
299,174.0000000000066,NaN,22.860236237755,91.54531758524925,,link,10299,N1
300,2.0,A,22.8594847882591,91.5454799987854,,bridge,10300,N1
301,394.00000000000546,NaN,22.8577706777659,91.54559943484725,,link,10301,N1
302,1.5,A,22.8560565672727,91.5457188709091,,bridge,10302,N1
303,107.99999999997567,NaN,22.855602050008,91.5457705279324,,link,10303,N1
304,1.5,A,22.8551475327433,91.5458221849557,,bridge,10304,N1
305,739.0000000000043,NaN,22.851882404606897,91.54609639836019,,link,10305,N1
306,8.5,A,22.8486172764705,91.5463706117647,,bridge,10306,N1
307,381.0000000000002,NaN,22.84700438297205,91.54691976640865,,link,10307,N1
308,3.0,A,22.8453914894736,91.5474689210526,,bridge,10308,N1
309,235.00000000001364,NaN,22.8444233134868,91.5478092386513,,link,10309,N1
310,1.5,A,22.8434551375,91.54814955625,,bridge,10310,N1
311,274.0000000000009,NaN,22.842274735463853,91.54847962571705,,link,10311,N1
312,3.0,A,22.8410943334277,91.5488096951841,,bridge,10312,N1
313,944.9999999999932,NaN,22.8369205513348,91.5494565983209,,link,10313,N1
314,3.0,A,22.8327467692419,91.5501035014577,,bridge,10314,N1
315,209.00000000000318,NaN,22.83185405572185,91.5503031780224,,link,10315,N1
316,4.5,A,22.8309613422018,91.5505028545871,,bridge,10316,N1
317,771.9999999999914,NaN,22.82766599999995,91.55159719999995,,link,10317,N1
318,12.4,C,22.8243706577981,91.5526915454128,,bridge,10318,N1
319,1462.0000000000175,NaN,22.817967047722547,91.55447387917695,,link,10319,N1
320,9.5,B,22.811563437647,91.5562562129411,,bridge,10320,N1
321,2115.9999999999854,NaN,22.802872394989798,91.55960873760645,,link,10321,N1
322,4.5,A,22.7941813523326,91.5629612622718,,bridge,10322,N1
323,1486.9999999999948,NaN,22.78818912209185,91.56603191423446,,link,10323,N1
324,23.2,B,22.7821968918511,91.5691025661971,,bridge,10324,N1
325,974.9999999999943,NaN,22.77819699192555,91.5709881590985,,link,10325,N1
326,6.0,A,22.774197092,91.5728737519999,,bridge,10326,N1
327,493.0000000000234,NaN,22.772224379049,91.57398213655429,,link,10327,N1
328,9.7,A,22.770251666098,91.5750905211087,,bridge,10328,N1
329,977.9999999999802,NaN,22.766657178744353,91.57777220161395,,link,10329,N1
330,4.0,A,22.7630626913907,91.5804538821192,,bridge,10330,N1
331,1358.000000000004,NaN,22.758314007951398,91.58452715288885,,link,10331,N1
332,12.9,A,22.7535653245121,91.5886004236585,,bridge,10332,N1
333,403.99999999999636,NaN,22.752102337040498,91.5897422303637,,link,10333,N1
334,3.0,A,22.7506393495689,91.5908840370689,,bridge,10334,N1
335,784.0000000000202,NaN,22.7475765009563,91.59264196430266,,link,10335,N1
336,8.1,B,22.7445136523437,91.5943998915364,,bridge,10336,N1
337,2507.9999999999814,NaN,22.73391520390835,91.5984165159908,,link,10337,N1
338,3.0,A,22.723316755473,91.6024331404452,,bridge,10338,N1
339,707.9999999999984,NaN,22.7205705710057,91.6040977356072,,link,10339,N1
340,3.0,A,22.7178243865384,91.6057623307692,,bridge,10340,N1
341,72.00000000000273,NaN,22.71754756038455,91.60593540769224,,link,10341,N1
342,3.0,A,22.7172707342307,91.6061084846153,,bridge,10342,N1
343,450.00000000001705,NaN,22.71557173625595,91.6071718532451,,link,10343,N1
344,19.2,C,22.7138727382812,91.6082352218749,,bridge,10344,N1
345,1526.9999999999868,NaN,22.7078446211091,91.61160434138361,,link,10345,N1
346,19.2,A,22.701816503937,91.6149734608923,,bridge,10346,N1
347,1300.9999999999877,NaN,22.6965341093759,91.61757125914986,,link,10347,N1
348,4.2,A,22.6912517148148,91.6201690574074,,bridge,10348,N1
349,542.0000000000016,NaN,22.6890607397603,91.62110381988015,,link,10349,N1
350,3.2,A,22.6868697647058,91.6220385823529,,bridge,10350,N1
351,1199.0000000000123,NaN,22.6819235319051,91.624427763863,,link,10351,N1
352,6.0,A,22.6769772991044,91.6268169453731,,bridge,10352,N1
353,848.9999999999895,NaN,22.6734683691174,91.62808505746915,,link,10353,N1
354,3.0,A,22.6699594391304,91.6293531695652,,bridge,10354,N1
355,503.0000000000143,NaN,22.66787166861925,91.63024126383665,,link,10355,N1
356,3.0,A,22.6657838981081,91.6311293581081,,bridge,10356,N1
357,537.0000000000061,NaN,22.663689789794752,91.63232755035034,,link,10357,N1
358,3.0,A,22.6615956814814,91.6335257425926,,bridge,10358,N1
359,887.0000000000005,NaN,22.658154055446552,91.63572595953156,,link,10359,N1
360,3.1,A,22.6547124294117,91.6379261764705,,bridge,10360,N1
361,464.999999999975,NaN,22.6528916920781,91.6389801479676,,link,10361,N1
362,4.6,A,22.6510709547445,91.6400341194647,,bridge,10362,N1
363,456.0000000000173,NaN,22.649263532987803,91.64097561826365,,link,10363,N1
364,12.4,A,22.6474561112311,91.6419171170626,,bridge,10364,N1
365,1432.9999999999927,NaN,22.641776351098052,91.6450631788598,,link,10365,N1
366,3.0,A,22.636096590965,91.648209240657,,bridge,10366,N1
367,223.0000000000132,NaN,22.635212581416752,91.64870848362415,,link,10367,N1
368,3.0,A,22.6343285718685,91.6492077265913,,bridge,10368,N1
369,774.9999999999773,NaN,22.6312476035813,91.65098277621125,,link,10369,N1
370,3.0,A,22.6281666352941,91.6527578258312,,bridge,10370,N1
371,298.0000000000018,NaN,22.6269994863217,91.65347179062644,,link,10371,N1
372,6.1,B,22.6258323373493,91.6541857554217,,bridge,10372,N1
373,343.00000000001774,NaN,22.624439254260203,91.6548265042874,,link,10373,N1
374,3.0,A,22.6230461711711,91.6554672531531,,bridge,10374,N1
375,602.0000000000039,NaN,22.620401260091448,91.6567630985133,,link,10375,N1
376,3.0,A,22.6177563490118,91.6580589438735,,bridge,10376,N1
377,478.999999999985,NaN,22.6163731588196,91.65916299710014,,link,10377,N1
378,4.6,A,22.6149899686274,91.6602670503268,,bridge,10378,N1
379,436.00000000000705,NaN,22.61337282141045,91.6614178617225,,link,10379,N1
380,3.0,A,22.6117556741935,91.6625686731182,,bridge,10380,N1
381,1021.9999999999914,NaN,22.60779755768495,91.66497161597084,,link,10381,N1
382,2.95,A,22.6038394411764,91.6673745588235,,bridge,10382,N1
383,194.00000000001683,NaN,22.603095068067148,91.66785564621844,,link,10383,N1
384,4.5,B,22.6023506949579,91.6683367336134,,bridge,10384,N1
385,691.0000000000025,NaN,22.5997586358049,91.6700779705512,,link,10385,N1
386,9.3,B,22.5971665766519,91.671819207489,,bridge,10386,N1
387,422.9999999999734,NaN,22.595527378522,91.67285407212685,,link,10387,N1
388,4.5,A,22.5938881803921,91.6738889367647,,bridge,10388,N1
389,850.0000000000227,NaN,22.590461598584398,91.67546670272844,,link,10389,N1
390,22.25,C,22.5870350167767,91.6770444686922,,bridge,10390,N1
391,685.0000000000023,NaN,22.5842718457061,91.67829175504579,,link,10391,N1
392,2.5,A,22.5815086746355,91.6795390413994,,bridge,10392,N1
393,566.0000000000025,NaN,22.579150848793148,91.6805808914647,,link,10393,N1
394,10.2,A,22.5767930229508,91.68162274153,,bridge,10394,N1
395,773.9999999999725,NaN,22.5735418080043,91.6828162035749,,link,10395,N1
396,3.0,A,22.5702905930578,91.6840096656198,,bridge,10396,N1
397,273.00000000002456,NaN,22.569143699751997,91.68434816305779,,link,10397,N1
398,8.2,A,22.5679968064462,91.6846866604958,,bridge,10398,N1
399,186.9999999999834,NaN,22.56720904904125,91.68493466206604,,link,10399,N1
400,4.5,A,22.5664212916363,91.6851826636363,,bridge,10400,N1
401,924.0000000000066,NaN,22.5624711889491,91.68634445306415,,link,10401,N1
402,4.1,A,22.5585210862619,91.687506242492,,bridge,10402,N1
403,490.0000000000091,NaN,22.5564265319488,91.6881512787007,,link,10403,N1
404,21.6,B,22.5543319776357,91.6887963149094,,bridge,10404,N1
405,961.9999999999891,NaN,22.5505523493633,91.6907111876365,,link,10405,N1
406,3.0,A,22.5467727210909,91.6926260603636,,bridge,10406,N1
407,300.00000000001137,NaN,22.5456312483636,91.6933785694545,,link,10407,N1
408,5.2,A,22.5444897756363,91.6941310785454,,bridge,10408,N1
409,656.9999999999823,NaN,22.5417598995528,91.6953381765176,,link,10409,N1
410,8.2,A,22.5390300234693,91.6965452744898,,bridge,10410,N1
411,1050.0000000000114,NaN,22.5346989136577,91.69850469867345,,link,10411,N1
412,3.0,A,22.5303678038461,91.7004641228571,,bridge,10412,N1
413,902.9999999999916,NaN,22.5266518602825,91.702150369579,,link,10413,N1
414,16.3,B,22.5229359167189,91.7038366163009,,bridge,10414,N1
415,1420.9999999999923,NaN,22.51714151656555,91.7063137026161,,link,10415,N1
416,41.11,A,22.5113471164122,91.7087907889313,,bridge,10416,N1
417,660.000000000025,NaN,22.508684580092847,91.710037805409,,link,10417,N1
418,4.5,A,22.5060220437735,91.7112848218867,,bridge,10418,N1
419,728.999999999985,NaN,22.50305393867505,91.7127176561988,,link,10419,N1
420,17.6,A,22.5000858335766,91.7141504905109,,bridge,10420,N1
421,1181.0000000000116,NaN,22.4952632156045,91.71621158195215,,link,10421,N1
422,3.0,B,22.4904405976324,91.7182726733934,,bridge,10422,N1
423,564.9999999999977,NaN,22.48799430226445,91.71890181255876,,link,10423,N1
424,4.5,A,22.4855480068965,91.7195309517241,,bridge,10424,N1
425,498.9999999999952,NaN,22.48335611068655,91.71994715748784,,link,10425,N1
426,23.2,B,22.4811642144766,91.7203633632516,,bridge,10426,N1
427,985.99999999999,NaN,22.477008651915497,91.7218133586926,,link,10427,N1
428,6.0,A,22.4728530893544,91.7232633541336,,bridge,10428,N1
429,1298.0000000000018,NaN,22.4676458622772,91.7258970270668,,link,10429,N1
430,23.2,B,22.4624386352,91.7285307,,bridge,10430,N1
431,1632.000000000005,NaN,22.45565074279355,91.7314065447179,,link,10431,N1
432,3.0,A,22.4488628503871,91.7342823894358,,bridge,10432,N1
433,330.0000000000125,NaN,22.4474710918141,91.73482490907075,,link,10433,N1
434,26.3,C,22.4460793332411,91.7353674287057,,bridge,10434,N1
435,1055.9999999999832,NaN,22.44179142743135,91.73701668802849,,link,10435,N1
436,3.0,A,22.4375035216216,91.7386659473513,,bridge,10436,N1
437,310.0000000000023,NaN,22.4362886567567,91.73915933329724,,link,10437,N1
438,40.0,A,22.4350737918918,91.7396527192432,,bridge,10438,N1
439,1649.000000000001,NaN,22.4285576727459,91.7438368492216,,link,10439,N1
440,35.1,B,22.4220415536,91.7480209792,,bridge,10440,N1
441,2326.999999999998,NaN,22.41252804905,91.752297547725,,link,10441,N1
442,5.0,A,22.4030145445,91.75657411625,,bridge,10442,N1
443,768.0000000000007,NaN,22.399677213763248,91.75741463716385,,link,10443,N1
444,3.0,A,22.3963398830265,91.7582551580777,,bridge,10444,N1
445,268.0000000000007,NaN,22.395058641513252,91.75853037903886,N111,link,10445,N1
446,4.0,,22.3937774,91.7588056,N111,intersection,10446,N1
447,138.00000000000523,NaN,22.3932474672811,91.7589469069124,,link,10447,N1
448,18.0,A,22.3927175345622,91.7590882138248,,bridge,10448,N1
449,926.9999999999925,NaN,22.388981708641097,91.7607969357924,,link,10449,N1
450,3.0,A,22.38524588272,91.76250565776,,bridge,10450,N1
451,790.9999999999968,NaN,22.3824735326933,91.76477665554665,,link,10451,N1
452,8.3,A,22.3797011826666,91.7670476533333,,bridge,10452,N1
453,1045.000000000016,NaN,22.374692655163052,91.7704867621276,,link,10453,N1
454,3.0,A,22.3696841276595,91.7739258709219,,bridge,10454,N1
455,9096.99999999998,NaN,22.36706426382975,91.81251848546094,N1,link,10455,N1
456,4.0,,22.3644444,91.8511111,N1,intersection,10456,N1
457,953.000000000003,NaN,22.3621750712996,91.85169029590855,,link,10457,N1
458,4.65,C,22.3599057425992,91.8522694918171,,bridge,10458,N1
459,882.000000000005,NaN,22.356086607037298,91.85244577082655,,link,10459,N1
460,15.8,A,22.3522674714754,91.852622049836,,bridge,10460,N1
461,1468.999999999994,NaN,22.34590341116765,91.85300460391059,,link,10461,N1
462,38.4,B,22.3395393508599,91.8533871579852,,bridge,10462,N1
463,489.0000000000043,NaN,22.33765333625465,91.85362042538435,,link,10463,N1
464,39.4,B,22.3357673216494,91.8538536927835,,bridge,10464,N1
465,118.99999999999977,NaN,22.3353413292525,91.85362579858244,,link,10465,N1
466,48.5,A,22.3349153368556,91.8533979043814,,bridge,10466,N1
467,1045.000000000016,NaN,22.330780236885403,91.85307864726019,,link,10467,N1
468,954.5,A,22.3266451369152,91.852759390139,,bridge,10468,N1
469,1616.9999999999902,NaN,22.3197858249092,91.854470653134,,link,10469,N1
470,17.3,A,22.3129265129032,91.856181916129,,bridge,10470,N1
471,861.9999999999948,NaN,22.309692134451602,91.8583154720645,,link,10471,N1
472,15.2,C,22.306457756,91.860449028,,bridge,10472,N1
473,540.9999999999968,NaN,22.30454065421355,91.86200686254365,,link,10473,N1
474,3.0,A,22.3026235524271,91.8635646970873,,bridge,10474,N1
475,308.00000000002115,NaN,22.3014543408893,91.864431363902,,link,10475,N1
476,5.7,B,22.3002851293515,91.8652980307167,,bridge,10476,N1
477,325.9999999999934,NaN,22.2989100777039,91.86583053111535,,link,10477,N1
478,3.0,A,22.2975350260563,91.866363031514,,bridge,10478,N1
479,540.9999999999968,NaN,22.295385828484797,91.86739954830965,,link,10479,N1
480,1.5,A,22.2932366309133,91.8684360651053,,bridge,10480,N1
481,304.00000000000205,NaN,22.292439386044848,91.86936360314084,,link,10481,N1
482,3.0,A,22.2916421411764,91.8702911411764,,bridge,10482,N1
483,322.00000000000273,NaN,22.292125035688848,91.87165562942485,,link,10483,N1
484,3.0,A,22.2926079302013,91.8730201176733,,bridge,10484,N1
485,439.9999999999977,NaN,22.2935366414365,91.87486904452365,,link,10485,N1
486,3.0,A,22.2944653526717,91.876717971374,,bridge,10486,N1
487,257.000000000005,NaN,22.2953676113168,91.87873538682766,,link,10487,N1
488,116.13,A,22.2962698699619,91.8807528022813,,bridge,10488,N1
489,967.9999999999893,NaN,22.2975533965194,91.88405204228555,,link,10489,N1
490,3.0,B,22.2988369230769,91.8873512822898,,bridge,10490,N1
491,1270.9999999999866,NaN,22.30046975063535,91.8933047823343,,link,10491,N1
492,3.1,B,22.3021025781938,91.8992582823788,,bridge,10492,N1
493,556.0000000000116,NaN,22.30281956421155,91.90184050208384,,link,10493,N1
494,3.0,A,22.3035365502293,91.9044227217889,,bridge,10494,N1
495,1171.999999999997,NaN,22.30592776898255,91.90931901136615,,link,10495,N1
496,3.0,A,22.3083189877358,91.9142153009434,,bridge,10496,N1
497,872.9999999999905,NaN,22.3110368354226,91.91726646937761,,link,10497,N1
498,3.0,A,22.3137546831094,91.9203176378118,,bridge,10498,N1
499,431.00000000004,NaN,22.3148217915547,91.92195016890591,N107,link,10499,N1
500,4.0,,22.3158889,91.9235827,N107,intersection,10500,N1
501,80.99999999996044,NaN,22.31581785447365,91.9239675565789,,link,10501,N1
502,3.0,A,22.3157468089473,91.9243524131578,,bridge,10502,N1
503,1050.0000000000114,NaN,22.3147516848736,91.9291678221789,,link,10503,N1
504,5.3,A,22.3137565607999,91.9339832312,,bridge,10504,N1
505,1855.0000000000182,NaN,22.311097985361748,91.94118596458216,,link,10505,N1
506,3.0,A,22.3084394099236,91.9483886979643,,bridge,10506,N1
507,2320.9999999999695,NaN,22.30452050716175,91.95711723528215,,link,10507,N1
508,50.3,B,22.3006016043999,91.9658457726,,bridge,10508,N1
509,2253.0000000000427,NaN,22.29587340207055,91.97460629891316,,link,10509,N1
510,12.4,A,22.2911451997412,91.9833668252263,,bridge,10510,N1
511,1113.999999999976,NaN,22.288538607953903,91.98783801161315,,link,10511,N1
512,61.0,B,22.2859320161666,91.992309198,,bridge,10512,N1
513,940.9999999999741,NaN,22.283537242731903,91.99593318381079,,link,10513,N1
514,14.0,B,22.2811424692972,91.9995571696216,,bridge,10514,N1
515,1394.0000000000055,NaN,22.27611602214855,92.0025772098108,,link,10515,N1
516,3.0,A,22.2710895749999,92.00559725,,bridge,10516,N1
517,1136.000000000024,NaN,22.2661254747983,92.00645041693545,,link,10517,N1
518,15.2,B,22.2611613745967,92.0073035838709,,bridge,10518,N1
519,245.00000000000455,NaN,22.26010648015545,92.0077073538402,,link,10519,N1
520,9.8,C,22.2590515857142,92.0081111238095,,bridge,10520,N1
521,521.9999999999914,NaN,22.2569945340884,92.0092066262704,,link,10521,N1
522,9.2,A,22.2549374824626,92.0103021287313,,bridge,10522,N1
523,269.00000000000546,NaN,22.25402872193035,92.0111370008398,,link,10523,N1
524,6.0,A,22.2531199613981,92.0119718729483,,bridge,10524,N1
525,651.9999999999868,NaN,22.25091648815715,92.01390298776789,,link,10525,N1
526,9.4,A,22.2487130149162,92.0158341025875,,bridge,10526,N1
527,1247.9999999999905,NaN,22.2445495862681,92.01881296809955,,link,10527,N1
528,14.0,A,22.24038615762,92.0217918336116,,bridge,10528,N1
529,466.0000000000082,NaN,22.2385103554287,92.0225282912662,,link,10529,N1
530,14.0,A,22.2366345532374,92.0232647489208,,bridge,10530,N1
531,651.9999999999868,NaN,22.23406618796125,92.02411520501595,,link,10531,N1
532,12.7,B,22.2314978226851,92.0249656611111,,bridge,10532,N1
533,435.0000000000023,NaN,22.22877933777275,92.0257153484045,,link,10533,N1
534,9.4,B,22.2260608528604,92.0264650356979,,bridge,10534,N1
535,435.0000000000023,NaN,22.22416642132815,92.02692181682849,,link,10535,N1
536,14.0,A,22.2222719897959,92.0273785979591,,bridge,10536,N1
537,782.0000000000391,NaN,22.21892967014065,92.02820081868825,,link,10537,N1
538,9.2,A,22.2155873504854,92.0290230394174,,bridge,10538,N1
539,1282.9999999999586,NaN,22.21134500216575,92.0326777546737,,link,10539,N1
540,50.4,C,22.2071026538461,92.03633246993,,bridge,10540,N1
541,338.0000000000223,NaN,22.206043206813348,92.0373318519668,,link,10541,N1
542,9.2,B,22.2049837597806,92.0383312340036,,bridge,10542,N1
543,4017.9999999999723,NaN,22.189450827655648,92.0458118887895,,link,10543,N1
544,12.3,B,22.1739178955307,92.0532925435754,,bridge,10544,N1
545,2695.00000000005,NaN,22.1662725880879,92.06074942662639,,link,10545,N1
546,211.0,B,22.1586272806451,92.0682063096774,,bridge,10546,N1
547,1139.9999999999864,NaN,22.1542397976041,92.06891969076099,,link,10547,N1
548,9.2,A,22.1498523145631,92.0696330718446,,bridge,10548,N1
549,1445.9999999999695,NaN,22.1434022737486,92.06978159999414,,link,10549,N1
550,12.4,A,22.1369522329341,92.0699301281437,,bridge,10550,N1
551,500.0,NaN,22.1347365378956,92.07004333239479,,link,10551,N1
552,15.4,A,22.1325208428571,92.0701565366459,,bridge,10552,N1
553,298.0000000000018,NaN,22.131218435714253,92.07037950403719,,link,10553,N1
554,33.65,A,22.1299160285714,92.0706024714285,,bridge,10554,N1
555,252.9999999999859,NaN,22.12882491480115,92.07080184952865,,link,10555,N1
556,27.9,A,22.1277338010309,92.0710012276288,,bridge,10556,N1
557,513.0000000000337,NaN,22.125405700001302,92.0713511379789,,link,10557,N1
558,15.4,A,22.1230775989717,92.071701048329,,bridge,10558,N1
559,343.00000000001774,NaN,22.1217825498186,92.07183578090326,,link,10559,N1
560,20.4,A,22.1204875006655,92.0719705134775,,bridge,10560,N1
561,841.9999999999845,NaN,22.1169199928859,92.0723287088664,,link,10561,N1
562,5.0,A,22.1133524851063,92.0726869042553,,bridge,10562,N1
563,1283.0000000000155,NaN,22.10775959255315,92.07337090212765,N108,link,10563,N1
564,4.0,,22.1021667,92.0740549,N108,intersection,10564,N1
565,276.9999999999868,NaN,22.100222635,92.07442766099999,,link,10565,N1
566,7.2,A,22.09827857,92.074800422,,bridge,10566,N1
567,829.9999999999841,NaN,22.0959280352252,92.07765261077475,,link,10567,N1
568,11.2,A,22.0935775004504,92.0805047995495,,bridge,10568,N1
569,1706.9999999999936,NaN,22.08882216601465,92.08685086867425,,link,10569,N1
570,2.0,A,22.0840668315789,92.093196937799,,bridge,10570,N1
571,708.0000000000268,NaN,22.08229371978945,92.09584123461374,,link,10571,N1
572,12.6,A,22.080520608,92.0984855314285,,bridge,10572,N1
573,1399.9999999999773,NaN,22.07504034467795,92.10138047757864,,link,10573,N1
574,30.3,A,22.0695600813559,92.1042754237288,,bridge,10574,N1
575,235.99999999999,NaN,22.0687350185931,92.10491421363115,,link,10575,N1
576,2.0,A,22.0679099558303,92.1055530035335,,bridge,10576,N1
577,525.0000000000341,NaN,22.06583333580985,92.10632955650355,,link,10577,N1
578,38.5,A,22.0637567157894,92.1071061094736,,bridge,10578,N1
579,329.9999999999841,NaN,22.0623214328947,92.1074197397368,,link,10579,N1
580,2.5,A,22.06088615,92.10773337,,bridge,10580,N1
581,509.9999999999909,NaN,22.05869563276695,92.10840941461166,,link,10581,N1
582,8.2,A,22.0565051155339,92.1090854592233,,bridge,10582,N1
583,512.0000000000005,NaN,22.05421737873465,92.10907342396645,,link,10583,N1
584,12.6,A,22.0519296419354,92.1090613887096,,bridge,10584,N1
585,387.00000000000045,NaN,22.0501504826989,92.1086276203229,,link,10585,N1
586,6.0,A,22.0483713234624,92.1081938519362,,bridge,10586,N1
587,535.000000000025,NaN,22.04623379004,92.10762840243865,,link,10587,N1
588,13.64,A,22.0440962566176,92.1070629529411,,bridge,10588,N1
589,835.9999999999559,NaN,22.040843054597453,92.1055260311097,,link,10589,N1
590,2.5,A,22.0375898525773,92.1039891092783,,bridge,10590,N1
591,652.0000000000437,NaN,22.03472736861665,92.10405688797246,,link,10591,N1
592,2.5,A,22.031864884656,92.1041246666666,,bridge,10592,N1
593,377.00000000000955,NaN,22.030283124146152,92.10377699696966,,link,10593,N1
594,68.8,A,22.0287013636363,92.1034293272727,,bridge,10594,N1
595,321.9999999999459,NaN,22.02735295556675,92.10306303582766,,link,10595,N1
596,2.0,A,22.0260045474972,92.1026967443826,,bridge,10596,N1
597,650.0000000000341,NaN,22.02325128767055,92.10206225626496,,link,10597,N1
598,10.0,A,22.0204980278439,92.1014277681473,,bridge,10598,N1
599,1831.0000000000173,NaN,22.0141590390832,92.0971021747188,,link,10599,N1
600,3.0,A,22.0078200503225,92.0927765812903,,bridge,10600,N1
601,491.9999999999618,NaN,22.005996332150453,92.09167260795695,,link,10601,N1
602,12.6,A,22.0041726139784,92.0905686346236,,bridge,10602,N1
603,508.0000000000382,NaN,22.002301126989202,92.0894440056451,,link,10603,N1
604,6.2,A,22.00042964,92.0883193766666,,bridge,10604,N1
605,544.9999999999591,NaN,21.99813280208405,92.0878891446404,,link,10605,N1
606,3.0,A,21.9958359641681,92.0874589126142,,bridge,10606,N1
607,11.000000000024102,NaN,21.995788483180903,92.087452488574,,link,10607,N1
608,12.4,A,21.9957410021937,92.0874460645338,,bridge,10608,N1
609,423.9999999999782,NaN,21.99398722045165,92.0869021359535,,link,10609,N1
610,58.5,A,21.9922334387096,92.0863582073732,,bridge,10610,N1
611,232.00000000002774,NaN,21.991256841542302,92.0860220868116,,link,10611,N1
612,14.2,A,21.990280244375,92.08568596625,,bridge,10612,N1
613,408.00000000001546,NaN,21.988660559256452,92.0848401658836,,link,10613,N1
614,24.2,A,21.9870408741379,92.0839943655172,,bridge,10614,N1
615,669.9999999999591,NaN,21.9844724589557,92.08238384596609,,link,10615,N1
616,22.5,A,21.9819040437735,92.080773326415,,bridge,10616,N1
617,266.9999999999959,NaN,21.98118320357965,92.07982247679016,,link,10617,N1
618,18.7,A,21.9804623633858,92.0788716271653,,bridge,10618,N1
619,345.0000000000273,NaN,21.9798804688274,92.0773604267405,,link,10619,N1
620,3.5,A,21.979298574269,92.0758492263157,,bridge,10620,N1
621,1089.999999999975,NaN,21.9765834886094,92.07208485263669,,link,10621,N1
622,2.5,A,21.9738684029498,92.0683204789577,,bridge,10622,N1
623,752.0000000000095,NaN,21.9714132613153,92.0662352953299,,link,10623,N1
624,1.5,A,21.9689581196808,92.0641501117021,,bridge,10624,N1
625,670.9999999999923,NaN,21.96558598846785,92.0637334940863,,link,10625,N1
626,22.4,A,21.9622138572549,92.0633168764705,,bridge,10626,N1
627,386.0000000000241,NaN,21.960726984272597,92.06429800315459,,link,10627,N1
628,8.2,A,21.9592401112903,92.0652791298387,,bridge,10628,N1
629,317.0000000000073,NaN,21.9586361374633,92.06583620582845,,link,10629,N1
630,3.0,A,21.9580321636363,92.0663932818182,,bridge,10630,N1
631,615.9999999999854,NaN,21.9550558521636,92.06710354513174,,link,10631,N1
632,22.4,A,21.9520795406909,92.0678138084453,,bridge,10632,N1
633,752.0000000000095,NaN,21.948739456354097,92.06737123469985,,link,10633,N1
634,1.4,A,21.9453993720173,92.0669286609544,,bridge,10634,N1
635,1163.000000000011,NaN,21.940714193732198,92.0647356922658,,link,10635,N1
636,4.5,A,21.9360290154471,92.0625427235772,,bridge,10636,N1
637,251.9999999999527,NaN,21.9349872284745,92.06210443886366,,link,10637,N1
638,9.3,A,21.9339454415019,92.0616661541501,,bridge,10638,N1
639,216.00000000000819,NaN,21.93312705705665,92.0612335560559,,link,10639,N1
640,4.5,A,21.9323086726114,92.0608009579617,,bridge,10640,N1
641,254.99999999999545,NaN,21.931344961305697,92.06024249773085,,link,10641,N1
642,4.7,A,21.93038125,92.0596840375,,bridge,10642,N1
643,1338.0000000000223,NaN,21.9241466052564,92.0597101681517,,link,10643,N1
644,2.0,A,21.9179119605128,92.0597362988034,,bridge,10644,N1
645,197.00000000000273,NaN,21.9173355634247,92.05986311507826,,link,10645,N1
646,3.0,A,21.9167591663366,92.0599899313531,,bridge,10646,N1
647,358.0000000000041,NaN,21.915415943482202,92.06026857016084,,link,10647,N1
648,4.0,A,21.9140727206278,92.0605472089686,,bridge,10648,N1
649,507.000000000005,NaN,21.9118478163804,92.0605566677915,,link,10649,N1
650,9.2,A,21.909622912133,92.0605661266144,,bridge,10650,N1
651,1991.9999999999618,NaN,21.900323282033348,92.0601336011525,,link,10651,N1
652,13.64,A,21.8910236519337,92.0597010756906,,bridge,10652,N1
653,1109.0000000000373,NaN,21.886122586651098,92.05935131023425,,link,10653,N1
654,9.3,A,21.8812215213685,92.0590015447779,,bridge,10654,N1
655,685.9999999999786,NaN,21.87817063076295,92.0590556930582,,link,10655,N1
656,3.0,A,21.8751197401574,92.0591098413385,,bridge,10656,N1
657,1393.000000000029,NaN,21.8689774408615,92.05929735628115,,link,10657,N1
658,3.0,A,21.8628351415656,92.0594848712238,,bridge,10658,N1
659,323.99999999995543,NaN,21.86140386064765,92.05983778989115,,link,10659,N1
660,56.4,A,21.8599725797297,92.0601907085585,,bridge,10660,N1
661,792.00000000003,NaN,21.85645068489245,92.06057416422394,,link,10661,N1
662,14.3,A,21.8529287900552,92.0609576198894,,bridge,10662,N1
663,230.99999999999454,NaN,21.8518941611848,92.0609533771936,,link,10663,N1
664,2.1,A,21.8508595323144,92.0609491344978,,bridge,10664,N1
665,963.9999999999986,NaN,21.8469148032464,92.06227379917375,,link,10665,N1
666,4.5,A,21.8429700741784,92.0635984638497,,bridge,10666,N1
667,322.9999999999791,NaN,21.84168182125065,92.0642655055273,,link,10667,N1
668,3.0,A,21.8403935683229,92.0649325472049,,bridge,10668,N1
669,796.0000000000491,NaN,21.83724844180475,92.06660306914385,,link,10669,N1
670,15.8,A,21.8341033152866,92.0682735910828,,bridge,10670,N1
671,711.9999999999891,NaN,21.83106456835755,92.06978857292235,,link,10671,N1
672,7.3,A,21.8280258214285,92.0713035547619,,bridge,10672,N1
673,276.00000000001046,NaN,21.82690450102035,92.0718250914966,,link,10673,N1
674,46.0,A,21.8257831806122,92.0723466282313,,bridge,10674,N1
675,545.9999999999923,NaN,21.82346302783025,92.07318338355469,,link,10675,N1
676,12.4,A,21.8211428750483,92.0740201388781,,bridge,10676,N1
677,336.9999999999891,NaN,21.819656067634597,92.07398218711859,,link,10677,N1
678,14.0,A,21.8181692602209,92.0739442353591,,bridge,10678,N1
679,1822.0000000000027,NaN,21.810796531392498,92.0755882240898,,link,10679,N1
680,14.0,A,21.8034238025641,92.0772322128205,,bridge,10680,N1
681,1771.9999999999914,NaN,21.79563890547555,92.07804310963606,,link,10681,N1
682,20.6,A,21.787854008387,92.0788540064516,,bridge,10682,N1
683,96.99999999997999,NaN,21.7874257461935,92.07890166122576,,link,10683,N1
684,21.0,A,21.786997484,92.0789493159999,,bridge,10684,N1
685,318.0000000000405,NaN,21.785596407555552,92.0790959257777,,link,10685,N1
686,14.2,B,21.7841953311111,92.0792425355555,,bridge,10686,N1
687,1431.9999999999595,NaN,21.77886462666665,92.0815785044444,,link,10687,N1
688,15.7,A,21.7735339222222,92.0839144733333,,bridge,10688,N1
689,328.0000000000314,NaN,21.772564128858498,92.08301221397039,,link,10689,N1
690,300.0,C,21.7715943354948,92.0821099546075,,bridge,10690,N1
691,3932.9999999999927,NaN,21.755870476995952,92.08236716458694,,link,10691,N1
692,9.3,B,21.7401466184971,92.0826243745664,,bridge,10692,N1
693,187.99999999998818,NaN,21.739354768823,92.08290600324065,,link,10693,N1
694,14.0,A,21.7385629191489,92.0831876319149,,bridge,10694,N1
695,673.9999999999782,NaN,21.735584889353852,92.08346823250155,,link,10695,N1
696,5.2,A,21.7326068595588,92.0837488330882,,bridge,10696,N1
697,183.00000000004957,NaN,21.73179734552525,92.0837822386435,,link,10697,N1
698,38.8,A,21.7309878314917,92.0838156441988,,bridge,10698,N1
699,781.9999999999823,NaN,21.72753088279955,92.0836798963374,,link,10699,N1
700,12.6,A,21.7240739341074,92.083544148476,,bridge,10700,N1
701,1839.999999999975,NaN,21.71666265500435,92.08210960440874,,link,10701,N1
702,12.8,A,21.7092513759013,92.0806750603415,,bridge,10702,N1
703,789.0000000000441,NaN,21.706040706499,92.07966034275135,,link,10703,N1
704,9.3,A,21.7028300370967,92.0786456251612,,bridge,10704,N1
705,3121.9999999999573,NaN,21.68955466351235,92.07772654999064,,link,10705,N1
706,59.6,A,21.676279289928,92.0768074748201,,bridge,10706,N1
707,473.0000000000132,NaN,21.6741921251058,92.07660336400579,,link,10707,N1
708,14.0,A,21.6721049602836,92.0763992531915,,bridge,10708,N1
709,966.0000000000082,NaN,21.66752270089895,92.07573544957225,,link,10709,N1
710,3.5,A,21.6629404415143,92.075071645953,,bridge,10710,N1
711,322.00000000000273,NaN,21.6614973716094,92.07508710621511,,link,10711,N1
712,54.4,A,21.6600543017045,92.0751025664772,,bridge,10712,N1
713,1060.9999999999786,NaN,21.6554551837636,92.07433224336515,,link,10713,N1
714,61.0,C,21.6508560658227,92.0735619202531,,bridge,10714,N1
715,319.0000000000168,NaN,21.649470413389402,92.0734455714811,,link,10715,N1
716,4.5,A,21.6480847609561,92.0733292227091,,bridge,10716,N1
717,3180.999999999983,NaN,21.635309974483498,92.07351634977415,,link,10717,N1
718,1.45,B,21.6225351880109,92.0737034768392,,bridge,10718,N1
719,667.00000000003,NaN,21.62045592420595,92.07143740721655,,link,10719,N1
720,44.55,A,21.618376660401,92.0691713375939,,bridge,10720,N1
721,914.9999999999636,NaN,21.612447813701102,92.06573920355225,,link,10721,N1
722,7.0,A,21.6065189670012,92.0623070695106,,bridge,10722,N1
723,316.0000000000309,NaN,21.605847139899552,92.06221343914675,,link,10723,N1
724,5.2,A,21.6051753127979,92.0621198087829,,bridge,10724,N1
725,637.9999999999768,NaN,21.601884421474303,92.06196052499445,,link,10725,N1
726,9.3,A,21.5985935301507,92.061801241206,,bridge,10726,N1
727,436.00000000003547,NaN,21.5973336137464,92.06160539103485,,link,10727,N1
728,14.0,A,21.5960736973421,92.0614095408637,,bridge,10728,N1
729,576.9999999999982,NaN,21.59275233568085,92.06222044592205,,link,10729,N1
730,1.4,A,21.5894309740196,92.0630313509804,,bridge,10730,N1
731,520.9999999999582,NaN,21.5885168870098,92.0639680683473,,link,10731,N1
732,4.5,C,21.5876028,92.0649047857142,,bridge,10732,N1
733,532.0000000000391,NaN,21.58533846251705,92.0653103161129,,link,10733,N1
734,2.5,A,21.5830741250341,92.0657158465116,,bridge,10734,N1
735,1044.999999999959,NaN,21.578740820662098,92.06823025886814,,link,10735,N1
736,12.4,A,21.5744075162901,92.0707446712247,,bridge,10736,N1
737,1522.0000000000482,NaN,21.56836384258945,92.0702792982049,,link,10737,N1
738,9.5,A,21.5623201688888,92.0698139251851,,bridge,10738,N1
739,255.9999999999718,NaN,21.5613122142031,92.06948076259255,,link,10739,N1
740,4.8,A,21.5603042595174,92.0691476,,bridge,10740,N1
741,113.9999999999759,NaN,21.5598967553619,92.06904785,,link,10741,N1
742,7.0,A,21.5594892512064,92.0689481,,bridge,10742,N1
743,633.0000000000382,NaN,21.557457431725602,92.0684492122449,,link,10743,N1
744,46.0,A,21.5554256122448,92.0679503244898,,bridge,10744,N1
745,765.9999999999627,NaN,21.55124610940105,92.06742284994979,,link,10745,N1
746,44.63,A,21.5470666065573,92.0668953754098,,bridge,10746,N1
747,2315.0000000000546,NaN,21.53629817304605,92.0661102999142,,link,10747,N1
748,14.0,A,21.5255297395348,92.0653252244186,,bridge,10748,N1
749,205.99999999996044,NaN,21.52463148372085,92.06544999215114,,link,10749,N1
750,8.0,A,21.5237332279069,92.0655747598837,,bridge,10750,N1
751,338.99999999999864,NaN,21.5222520843238,92.0658594114233,,link,10751,N1
752,15.4,A,21.5207709407407,92.0661440629629,,bridge,10752,N1
753,153.00000000002,NaN,21.5201398749649,92.06640934661655,,link,10753,N1
754,5.0,A,21.5195088091891,92.0666746302702,,bridge,10754,N1
755,707.99999999997,NaN,21.516625391151152,92.0680077604181,,link,10755,N1
756,3.0,A,21.5137419731132,92.069340890566,,bridge,10756,N1
757,417.00000000003,NaN,21.512090835384697,92.07010077301734,,link,10757,N1
758,2.5,A,21.5104396976562,92.0708606554687,,bridge,10758,N1
759,522.9999999999677,NaN,21.508473312560447,92.07208164868506,,link,10759,N1
760,7.5,A,21.5065069274647,92.0733026419014,,bridge,10760,N1
761,198.00000000003593,NaN,21.5058194352112,92.07387394859151,,link,10761,N1
762,12.4,A,21.5051319429577,92.0744452552816,,bridge,10762,N1
763,1166.9999999999732,NaN,21.5004427176114,92.07606192045844,,link,10763,N1
764,14.0,A,21.4957534922651,92.0776785856353,,bridge,10764,N1
765,128.00000000004275,NaN,21.49531150331485,92.07800664044194,,link,10765,N1
766,14.1,A,21.4948695143646,92.0783346952486,,bridge,10766,N1
767,2795.9999999999923,NaN,21.48654129140015,92.08652493659075,,link,10767,N1
768,7.2,A,21.4782130684357,92.0947151779329,,bridge,10768,N1
769,382.000000000005,NaN,21.47686475901785,92.0957509145664,,link,10769,N1
770,14.0,A,21.4755164496,92.0967866511999,,bridge,10770,N1
771,237.99999999999955,NaN,21.4746805411793,92.09739961870335,,link,10771,N1
772,3.0,A,21.4738446327586,92.0980125862068,,bridge,10772,N1
773,528.9999999999964,NaN,21.4719500815478,92.09932640471385,,link,10773,N1
774,57.6,A,21.470055530337,92.1006402232209,,bridge,10774,N1
775,573.9999999999554,NaN,21.46779853056355,92.1016484557521,,link,10775,N1
776,14.0,B,21.4655415307901,92.1026566882833,,bridge,10776,N1
777,2096.0000000000036,NaN,21.4580492329626,92.10106241576325,,link,10777,N1
778,9.2,A,21.4505569351351,92.0994681432432,,bridge,10778,N1
779,841.0000000000082,NaN,21.44697174881755,92.1003680109073,,link,10779,N1
780,1.5,A,21.4433865625,92.1012678785714,,bridge,10780,N1
781,208.00000000002683,NaN,21.44261276696425,92.1009881178571,,link,10781,N1
782,58.6,A,21.4418389714285,92.1007083571428,,bridge,10782,N1
783,581.9999999999936,NaN,21.439519963330497,92.09953781476325,,link,10783,N1
784,3.0,A,21.4372009552325,92.0983672723837,,bridge,10784,N1
785,351.99999999997544,NaN,21.435704708824296,92.09781398954755,,link,10785,N1
786,2.5,A,21.4342084624161,92.0972607067114,,bridge,10786,N1
787,410.000000000025,NaN,21.43250861090235,92.09668949942555,,link,10787,N1
788,7.2,A,21.4308087593886,92.0961182921397,,bridge,10788,N1
789,231.9999999999709,NaN,21.429824395517052,92.0957548391078,,link,10789,N1
790,3.5,A,21.4288400316455,92.0953913860759,,bridge,10790,N1
791,51.000000000044565,NaN,21.42866966582275,92.09529274303796,N109,link,10791,N1
792,4.0,,21.4284993,92.0951941,N109,intersection,10792,N1
793,122.99999999999045,NaN,21.428425448591547,92.09463276338025,,link,10793,N1
794,12.8,A,21.4283515971831,92.0940714267605,,bridge,10794,N1
795,483.0000000000041,NaN,21.42812379059155,92.09176112138024,,link,10795,N1
796,18.8,A,21.427895984,92.089450816,,bridge,10796,N1
797,573.9999999999554,NaN,21.42750118040575,92.08673831959419,,link,10797,N1
798,8.2,A,21.4271063768115,92.0840258231884,,bridge,10798,N1
799,380.0000000000523,NaN,21.42694054504635,92.08223427995355,,link,10799,N1
800,7.4,A,21.4267747132812,92.0804427367187,,bridge,10800,N1
801,380.9999999999718,NaN,21.426623156640602,92.07860991835935,,link,10801,N1
802,12.4,A,21.4264716,92.0767771,,bridge,10802,N1
803,646.000000000015,NaN,21.4269185249042,92.07383529042144,,link,10803,N1
804,9.4,A,21.4273654498084,92.0708934808429,,bridge,10804,N1
805,868.9999999999714,NaN,21.42727072375915,92.0671683350779,,link,10805,N1
806,2.0,A,21.4271759977099,92.0634431893129,,bridge,10806,N1
807,258.0000000000382,NaN,21.42724246672565,92.0622544281165,,link,10807,N1
808,6.8,A,21.4273089357414,92.0610656669201,,bridge,10808,N1
809,329.9999999999841,NaN,21.42757219398345,92.05951652648676,,link,10809,N1
810,16.6,A,21.4278354522255,92.0579673860534,,bridge,10810,N1
811,233.99999999998045,NaN,21.4279325685497,92.0568622110939,,link,10811,N1
812,18.6,A,21.4280296848739,92.0557570361344,,bridge,10812,N1
813,266.9999999999959,NaN,21.4280440898507,92.05449260384304,,link,10813,N1
814,7.2,A,21.4280584948275,92.0532281715517,,bridge,10814,N1
815,472.00000000003683,NaN,21.42779149741375,92.05093819441515,,link,10815,N1
816,13.0,A,21.4275245,92.0486482172786,,bridge,10816,N1
817,512.0000000000005,NaN,21.4284848551282,92.04651446825466,,link,10817,N1
818,10.9,A,21.4294452102564,92.0443807192307,,bridge,10818,N1
819,500.0,NaN,21.429616805128198,92.04198764441534,,link,10819,N1
820,9.2,A,21.4297884,92.0395945696,,bridge,10820,N1
821,841.9999999999845,NaN,21.4295958814917,92.0357416593856,,link,10821,N1
822,148.5,A,21.4294033629834,92.0318887491712,,bridge,10822,N1
823,269.00000000000546,NaN,21.429864573221,92.0307547238337,,link,10823,N1
824,3.5,A,21.4303257834586,92.0296206984962,,bridge,10824,N1
825,144.00000000000546,NaN,21.430239852598852,92.02898209707415,,link,10825,N1
826,10.3,A,21.4301539217391,92.0283434956521,,bridge,10826,N1
827,615.0000000000091,NaN,21.42832627139155,92.02611345165965,,link,10827,N1
828,9.0,A,21.426498621044,92.0238834076672,,bridge,10828,N1
829,106.9999999999709,NaN,21.426179510522,92.0235247038336,N110,link,10829,N1
830,4.0,,21.4258604,92.023166,N110,intersection,10830,N1
831,504.0000000000191,NaN,21.424461730756,92.02497697946735,,link,10831,N1
832,4.5,C,21.423063061512,92.0267879589347,,bridge,10832,N1
833,69.99999999999318,NaN,21.4228676147766,92.02704020549825,,link,10833,N1
834,11.3,C,21.4226721680412,92.0272924520618,,bridge,10834,N1
835,593.9999999999941,NaN,21.4210369757499,92.0294876790384,,link,10835,N1
836,2.4,C,21.4194017834586,92.031682906015,,bridge,10836,N1
837,449.0000000000123,NaN,21.4182125131101,92.0332044895331,,link,10837,N1
838,7.2,B,21.4170232427616,92.0347260730512,,bridge,10838,N1
839,170.99999999999227,NaN,21.4165700029742,92.03533089119591,,link,10839,N1
840,8.1,C,21.4161167631868,92.0359357093406,,bridge,10840,N1
841,362.99999999999955,NaN,21.415188347338052,92.037304697649,,link,10841,N1
842,10.9,A,21.4142599314893,92.0386736859574,,bridge,10842,N1
843,368.99999999997135,NaN,21.413378387270498,92.03910026886425,,link,10843,N1
844,8.3,A,21.4124968430517,92.0395268517711,,bridge,10844,N1
845,357.00000000002774,NaN,21.4117498877835,92.04193240379965,,link,10845,N1
846,8.3,B,21.4110029325153,92.0443379558282,,bridge,10846,N1
847,430.0000000000068,NaN,21.4106258946527,92.0461873186548,,link,10847,N1
848,2.2,B,21.4102488567901,92.0480366814814,,bridge,10848,N1
849,189.99999999999773,NaN,21.4102735213181,92.04884945274065,,link,10849,N1
850,8.2,A,21.4102981858461,92.0496622239999,,bridge,10850,N1
851,259.00000000001455,NaN,21.4101109348644,92.0507753337948,,link,10851,N1
852,1.9,A,21.4099236838827,92.0518884435897,,bridge,10852,N1
853,376.9999999999527,NaN,21.40938180003655,92.05345612655675,,link,10853,N1
854,3.0,A,21.4088399161904,92.0550238095238,,bridge,10854,N1
855,165.99999999999682,NaN,21.40839866164545,92.0555181509157,,link,10855,N1
856,2.8,A,21.4079574071005,92.0560124923076,,bridge,10856,N1
857,290.00000000002046,NaN,21.40715906071745,92.05702963540296,,link,10857,N1
858,10.0,D,21.4063607143344,92.0580467784983,,bridge,10858,N1
859,424.000000000035,NaN,21.40525531574925,92.0599427411148,,link,10859,N1
860,1.6,A,21.4041499171641,92.0618387037313,,bridge,10860,N1
861,473.99999999998954,NaN,21.403079646004052,92.0632896644436,,link,10861,N1
862,3.6,A,21.402009374844,92.0647406251559,,bridge,10862,N1
863,262.00000000000045,NaN,21.40109863704175,92.0654117713232,,link,10863,N1
864,8.0,C,21.4001878992395,92.0660829174905,,bridge,10864,N1
865,168.00000000000637,NaN,21.39948689847905,92.06630473498095,,link,10865,N1
866,1.3,C,21.3987858977186,92.0665265524714,,bridge,10866,N1
867,444.9999999999932,NaN,21.3969001602386,92.06705748313226,,link,10867,N1
868,8.3,A,21.3950144227586,92.0675884137931,,bridge,10868,N1
869,484.9999999999568,NaN,21.3929349667512,92.06803205730975,,link,10869,N1
870,22.0,C,21.3908555107438,92.0684757008264,,bridge,10870,N1
871,237.0000000000232,NaN,21.3898303553719,92.0687190004132,,link,10871,N1
872,2.7,C,21.3888052,92.0689623,,bridge,10872,N1
873,168.00000000000637,NaN,21.38812952297295,92.06933929459456,,link,10873,N1
874,2.7,B,21.3874538459459,92.0697162891891,,bridge,10874,N1
875,153.00000000002,NaN,21.38683622467745,92.0700023891968,,link,10875,N1
876,2.9,C,21.386218603409,92.0702884892045,,bridge,10876,N1
877,69.99999999999318,NaN,21.38592986837115,92.07037140440616,,link,10877,N1
878,1.8,C,21.3856411333333,92.0704543196078,,bridge,10878,N1
879,144.9999999999818,NaN,21.3850237975877,92.0704883321723,,link,10879,N1
880,2.8,B,21.3844064618421,92.0705223447368,,bridge,10880,N1
881,156.99999999998226,NaN,21.383755772368403,92.0707016302631,,link,10881,N1
882,1.8,B,21.3831050828947,92.0708809157894,,bridge,10882,N1
883,24.00000000000091,NaN,21.38300637499995,92.07091599999995,,link,10883,N1
884,1.7,A,21.3829076671052,92.0709510842105,,bridge,10884,N1
885,256.00000000002865,NaN,21.3818749553403,92.07097467534545,,link,10885,N1
886,0.8,A,21.3808422435754,92.0709982664804,,bridge,10886,N1
887,146.000000000015,NaN,21.380230511731803,92.07080565251391,,link,10887,N1
888,1.5,B,21.3796187798882,92.0706130385474,,bridge,10888,N1
889,39.99999999996362,NaN,21.3794657899441,92.0705522121308,,link,10889,N1
890,1.5,A,21.3793128,92.0704913857142,,bridge,10890,N1
891,175.00000000001137,NaN,21.378581945779203,92.07042310487006,,link,10891,N1
892,2.2,C,21.3778510915584,92.0703548240259,,bridge,10892,N1
893,148.00000000002456,NaN,21.3773696600649,92.07073857629865,,link,10893,N1
894,1.5,A,21.3768882285714,92.0711223285714,,bridge,10894,N1
895,94.99999999997044,NaN,21.37658375879115,92.07143407994499,,link,10895,N1
896,3.0,A,21.3762792890109,92.0717458313186,,bridge,10896,N1
897,213.99999999999864,NaN,21.3756821727663,92.07238706565926,,link,10897,N1
898,2.4,C,21.3750850565217,92.0730282999999,,bridge,10898,N1
899,149.99999999997726,NaN,21.374811145890902,92.07354490664736,,link,10899,N1
900,1.3,A,21.3745372352601,92.0740615132948,,bridge,10900,N1
901,89.00000000005548,NaN,21.3744586271676,92.0744616274566,,link,10901,N1
902,1.3,A,21.3743800190751,92.0748617416184,,bridge,10902,N1
903,218.9999999999941,NaN,21.3740878889679,92.0757427015054,,link,10903,N1
904,1.3,C,21.3737957588607,92.0766236613924,,bridge,10904,N1
905,216.99999999998454,NaN,21.3731063023561,92.07725837938615,,link,10905,N1
906,1.3,C,21.3724168458515,92.0778930973799,,bridge,10906,N1
907,223.99999999998954,NaN,21.3715535583626,92.0784801880103,,link,10907,N1
908,1.3,A,21.3706902708737,92.0790672786407,,bridge,10908,N1
909,117.999999999995,NaN,21.37021695490245,92.0793553805417,,link,10909,N1
910,1.3,A,21.3697436389312,92.0796434824427,,bridge,10910,N1
911,148.00000000002456,NaN,21.36919442900755,92.07984749083965,,link,10911,N1
912,1.3,A,21.3686452190839,92.0800514992366,,bridge,10912,N1
913,142.99999999997226,NaN,21.36812223043745,92.08026008618546,,link,10913,N1
914,1.3,B,21.367599241791,92.0804686731343,,bridge,10914,N1
915,333.00000000002683,NaN,21.3662630189087,92.08091520047441,,link,10915,N1
916,7.1,C,21.3649267960264,92.0813617278145,,bridge,10916,N1
917,96.00000000000364,NaN,21.364513510623148,92.0813466665465,,link,10917,N1
918,1.3,B,21.3641002252199,92.0813316052785,,bridge,10918,N1
919,329.00000000000773,NaN,21.36270032581085,92.080937849485,,link,10919,N1
920,1.6,B,21.3613004264018,92.0805440936915,,bridge,10920,N1
921,103.999999999985,NaN,21.360885313317702,92.08034835257004,,link,10921,N1
922,2.5,A,21.3604702002336,92.0801526114486,,bridge,10922,N1
923,93.00000000001774,NaN,21.360098993341047,92.07997757371496,,link,10923,N1
924,1.3,A,21.3597277864485,92.0798025359813,,bridge,10924,N1
925,122.99999999999045,NaN,21.3592368353971,92.0795710344626,,link,10925,N1
926,2.2,C,21.3587458843457,92.0793395329439,,bridge,10926,N1
927,295.99999999999227,NaN,21.35750059337285,92.07921111647195,,link,10927,N1
928,4.0,A,21.3562553024,92.0790827,,bridge,10928,N1
929,725.9999999999991,NaN,21.3531402488019,92.07875849676256,,link,10929,N1
930,21.5,A,21.3500251952038,92.0784342935251,,bridge,10930,N1
931,543.0000000000064,NaN,21.34767870348975,92.0787023165756,,link,10931,N1
932,11.3,C,21.3453322117757,92.0789703396261,,bridge,10932,N1
933,373.9999999999668,NaN,21.343710764485948,92.0789121074766,,link,10933,N1
934,14.1,A,21.3420893171962,92.0788538753271,,bridge,10934,N1
935,646.9999999999914,NaN,21.33932296430585,92.07890878819626,,link,10935,N1
936,2.3,B,21.3365566114155,92.0789637010654,,bridge,10936,N1
937,312.0000000000118,NaN,21.3351978442922,92.07900328280056,,link,10937,N1
938,24.1,C,21.3338390771689,92.0790428645357,,bridge,10938,N1
939,956.0000000000173,NaN,21.33037839045415,92.08050686905915,,link,10939,N1
940,45.6,C,21.3269177037394,92.0819708735826,,bridge,10940,N1
941,548.0000000000018,NaN,21.32535231481085,92.0838569259089,,link,10941,N1
942,5.0,C,21.3237869258823,92.0857429782352,,bridge,10942,N1
943,447.00000000000273,NaN,21.3224478541176,92.08731330676466,,link,10943,N1
944,11.2,D,21.3211087823529,92.0888836352941,,bridge,10944,N1
945,87.99999999996544,NaN,21.320845955123,92.0891901992494,,link,10945,N1
946,1.3,B,21.3205831278931,92.0894967632047,,bridge,10946,N1
947,727.0000000000323,NaN,21.3183963970461,92.0917280182082,,link,10947,N1
948,49.3,C,21.3162096661991,92.0939592732117,,bridge,10948,N1
949,1045.9999999999923,NaN,21.31221825481005,92.0956120523953,,link,10949,N1
950,2.4,B,21.308226843421,92.0972648315789,,bridge,10950,N1
951,574.9999999999886,NaN,21.30587168116995,92.0970567887624,,link,10951,N1
952,2.3,C,21.3035165189189,92.0968487459459,,bridge,10952,N1
953,432.9999999999927,NaN,21.3016309404504,92.0971630025225,,link,10953,N1
954,61.3,D,21.2997453619819,92.0974772590991,,bridge,10954,N1
955,1292.00000000003,NaN,21.29426008099095,92.09871611398935,,link,10955,N1
956,14.1,A,21.2887748,92.0999549688796,,bridge,10956,N1
957,137.9999999999768,NaN,21.288162425,92.10000868008295,,link,10957,N1
958,11.0,B,21.28755005,92.1000623912863,,bridge,10958,N1
959,432.9999999999927,NaN,21.2856441407718,92.1003085130928,,link,10959,N1
960,10.3,A,21.2837382315436,92.1005546348993,,bridge,10960,N1
961,1172.0000000000255,NaN,21.2788720112035,92.10248848993959,,link,10961,N1
962,14.0,A,21.2740057908634,92.1044223449799,,bridge,10962,N1
963,14.000000000010004,NaN,21.27394898052205,92.10445045742969,,link,10963,N1
964,23.5,A,21.2738921701807,92.1044785698795,,bridge,10964,N1
965,281.0000000000059,NaN,21.27275190547185,92.1050428269076,,link,10965,N1
966,23.5,A,21.271611640763,92.1056070839357,,bridge,10966,N1
967,602.9999999999518,NaN,21.2696264566121,92.1073800376649,,link,10967,N1
968,11.1,C,21.2676412724612,92.1091529913941,,bridge,10968,N1
969,94.00000000005093,NaN,21.2673874077452,92.10951252117036,,link,10969,N1
970,50.6,C,21.2671335430292,92.1098720509466,,bridge,10970,N1
971,286.9999999999777,NaN,21.26635844543885,92.11096976419961,,link,10971,N1
972,11.5,C,21.2655833478485,92.1120674774526,,bridge,10972,N1
973,954.0000000000077,NaN,21.262815358819353,92.1155267825025,,link,10973,N1
974,6.6,C,21.2600473697902,92.1189860875524,,bridge,10974,N1
975,240.99999999998545,NaN,21.259335796223752,92.119852035944,,link,10975,N1
976,2.4,A,21.2586242226573,92.1207179843356,,bridge,10976,N1
977,249.00000000002365,NaN,21.2578396595429,92.1215672439535,,link,10977,N1
978,17.0,A,21.2570550964285,92.1224165035714,,bridge,10978,N1
979,298.9999999999782,NaN,21.256130765787447,92.12340185722499,,link,10979,N1
980,2.4,A,21.2552064351464,92.1243872108786,,bridge,10980,N1
981,274.0000000000009,NaN,21.254504617573197,92.1254921504393,,link,10981,N1
982,11.1,C,21.2538028,92.12659709,,bridge,10982,N1
983,447.9999999999791,NaN,21.25212825,92.128673195,,link,10983,N1
984,8.5,C,21.2504537,92.1307493,,bridge,10984,N1
985,546.0000000000491,NaN,21.24970909359795,92.1317951956466,,link,10985,N1
986,2.4,C,21.2489644871959,92.1328410912932,,bridge,10986,N1
987,449.99999999998863,NaN,21.2473453732646,92.13507264931326,,link,10987,N1
988,20.7,B,21.2457262593333,92.1373042073333,,bridge,10988,N1
989,3574.9999999999886,NaN,21.23830236897355,92.14903067668645,,link,10989,N1
990,2.0,A,21.2308784786138,92.1607571460396,,bridge,10990,N1
991,197.99999999997908,NaN,21.23009700594055,92.16105664554455,,link,10991,N1
992,11.3,C,21.2293155332673,92.1613561450495,,bridge,10992,N1
993,923.0000000000018,NaN,21.2254177545124,92.1615297020702,,link,10993,N1
994,2.2,B,21.2215199757575,92.1617032590909,,bridge,10994,N1
995,304.00000000003047,NaN,21.22024002887875,92.16189050854544,,link,10995,N1
996,10.9,C,21.218960082,92.162077758,,bridge,10996,N1
997,194.99999999999318,NaN,21.218168065125,92.162280874875,,link,10997,N1
998,2.1,C,21.21737604825,92.16248399175,,bridge,10998,N1
999,230.0000000000182,NaN,21.216693817194297,92.1630740740928,,link,10999,N1
1000,2.0,A,21.2160115861386,92.1636641564356,,bridge,11000,N1
1001,240.99999999998545,NaN,21.215473774701948,92.1646076797484,,link,11001,N1
1002,1.8,A,21.2149359632653,92.1655512030612,,bridge,11002,N1
1003,98.99999999998954,NaN,21.214683412244852,92.16597897397955,,link,11003,N1
1004,2.2,A,21.2144308612244,92.1664067448979,,bridge,11004,N1
1005,1055.9999999999832,NaN,21.210367794791303,92.16821238140415,,link,11005,N1
1006,6.4,A,21.2063047283582,92.1700180179104,,bridge,11006,N1
1007,240.0000000000091,NaN,21.205322857822352,92.17018737185839,,link,11007,N1
1008,2.2,A,21.2043409872865,92.1703567258064,,bridge,11008,N1
1009,278.00000000002,NaN,21.2031540802656,92.17037869677415,,link,11009,N1
1010,3.1,A,21.2019671732447,92.1704006677419,,bridge,11010,N1
1011,483.0000000000041,NaN,21.199799795914352,92.1704889661718,,link,11011,N1
1012,39.3,A,21.197632418584,92.1705772646017,,bridge,11012,N1
1013,296.9999999999686,NaN,21.196473974581252,92.1705423653587,,link,11013,N1
1014,3.0,A,21.1953155305785,92.1705074661157,,bridge,11014,N1
1015,612.0000000000232,NaN,21.1930443147145,92.1692888930195,,link,11015,N1
1016,9.4,A,21.1907730988505,92.1680703199233,,bridge,11016,N1
1017,324.0000000000123,NaN,21.1898325169307,92.16697383786101,,link,11017,N1
1018,15.4,D,21.1888919350109,92.1658773557987,,bridge,11018,N1
1019,940.9999999999741,NaN,21.1864331832422,92.16259000036,,link,11019,N1
1020,1.2,A,21.1839744314735,92.1593026449213,,bridge,11020,N1
1021,528.9999999999964,NaN,21.181840571101553,92.1585668505722,,link,11021,N1
1022,3.1,C,21.1797067107296,92.1578310562231,,bridge,11022,N1
1023,276.00000000001046,NaN,21.1785619337153,92.15743413378165,,link,11023,N1
1024,3.1,B,21.177417156701,92.1570372113402,,bridge,11024,N1
1025,242.00000000001864,NaN,21.176418983288748,92.1566449124602,,link,11025,N1
1026,48.8,C,21.1754208098765,92.1562526135802,,bridge,11026,N1
1027,351.99999999997544,NaN,21.1739518081297,92.15577332327945,,link,11027,N1
1028,9.4,A,21.1724828063829,92.1552940329787,,bridge,11028,N1
1029,250.0,NaN,21.1714275782943,92.15501640476094,,link,11029,N1
1030,21.5,A,21.1703723502057,92.1547387765432,,bridge,11030,N1
1031,213.00000000002228,NaN,21.1695968570383,92.15420058633609,,link,11031,N1
1032,9.4,B,21.1688213638709,92.153662396129,,bridge,11032,N1
1033,86.99999999998909,NaN,21.168527147389952,92.15340418897355,,link,11033,N1
1034,3.0,A,21.168232930909,92.1531459818181,,bridge,11034,N1
1035,225.9999999999991,NaN,21.16744913956515,92.15274181521735,,link,11035,N1
1036,9.3,B,21.1666653482213,92.1523376486166,,bridge,11036,N1
1037,130.9999999999718,NaN,21.1661189539525,92.15227292529639,,link,11037,N1
1038,3.0,C,21.1655725596837,92.1522082019762,,bridge,11038,N1
1039,69.00000000001683,NaN,21.16528018296685,92.15219913692559,,link,11039,N1
1040,4.6,A,21.16498780625,92.152190071875,,bridge,11040,N1
1041,346.00000000000364,NaN,21.163481775370748,92.15226076941204,,link,11041,N1
1042,1.25,C,21.1619757444915,92.1523314669491,,bridge,11042,N1
1043,204.00000000000773,NaN,21.1610901227087,92.15242859227084,,link,11043,N1
1044,3.0,A,21.1602045009259,92.1525257175926,,bridge,11044,N1
1045,201.99999999999818,NaN,21.15932898778685,92.1525226404864,,link,11045,N1
1046,3.0,C,21.1584534746478,92.1525195633802,,bridge,11046,N1
1047,723.0000000000132,NaN,21.1554583769465,92.1529670750863,,link,11047,N1
1048,9.4,C,21.1524632792452,92.1534145867924,,bridge,11048,N1
1049,365.99999999998545,NaN,21.151176964157898,92.15431510417685,,link,11049,N1
1050,15.2,C,21.1498906490706,92.1552156215613,,bridge,11050,N1
1051,336.9999999999891,NaN,21.148829161709997,92.1561291233271,,link,11051,N1
1052,57.6,A,21.1477676743494,92.1570426250929,,bridge,11052,N1
1053,658.0000000000155,NaN,21.14515696459405,92.15823592061095,,link,11053,N1
1054,3.3,B,21.1425462548387,92.159429216129,,bridge,11054,N1
1055,228.00000000000864,NaN,21.141705510503897,92.1599757222436,,link,11055,N1
1056,15.4,C,21.1408647661691,92.1605222283582,,bridge,11056,N1
1057,133.9999999999577,NaN,21.14053761061355,92.1610376616915,,link,11057,N1
1058,3.3,A,21.140210455058,92.1615530950248,,bridge,11058,N1
1059,271.000000000015,NaN,21.1395488195688,92.1625955012437,,link,11059,N1
1060,3.3,A,21.1388871840796,92.1636379074626,,bridge,11060,N1
1061,196.00000000002638,NaN,21.1384768398846,92.1644178537313,,link,11061,N1
1062,1.2,A,21.1380664956896,92.1651978,,bridge,11062,N1
1063,123.9999999999668,NaN,21.137993789308197,92.16577560975605,,link,11063,N1
1064,32.0,C,21.1379210829268,92.1663534195121,,bridge,11064,N1
1065,182.00000000001637,NaN,21.13776676970765,92.1672060624278,,link,11065,N1
1066,12.3,D,21.1376124564885,92.1680587053435,,bridge,11066,N1
1067,206.00000000001728,NaN,21.13747375315195,92.16903495894479,,link,11067,N1
1068,1.2,C,21.1373350498154,92.1700112125461,,bridge,11068,N1
1069,483.99999999998045,NaN,21.136973792876447,92.1722569961168,,link,11069,N1
1070,15.2,B,21.1366125359375,92.1745027796875,,bridge,11070,N1
1071,187.99999999998818,NaN,21.136326916795,92.1752798867921,,link,11071,N1
1072,4.8,A,21.1360412976525,92.1760569938967,,bridge,11072,N1
1073,259.9999999999909,NaN,21.13547810672095,92.1769974772115,,link,11073,N1
1074,1.3,C,21.1349149157894,92.1779379605263,,bridge,11074,N1
1075,167.00000000003,NaN,21.13457685910925,92.17854833876515,,link,11075,N1
1076,3.3,A,21.1342388024291,92.179158717004,,bridge,11076,N1
1077,673.0000000000018,NaN,21.1330678448927,92.18192522660544,,link,11077,N1
1078,4.7,B,21.1318968873563,92.1846917362069,,bridge,11078,N1
1079,325.999999999965,NaN,21.13093530448895,92.18575379422956,,link,11079,N1
1080,1.2,C,21.1299737216216,92.1868158522522,,bridge,11080,N1
1081,34.00000000004866,NaN,21.129870909909897,92.18693142672669,,link,11081,N1
1082,7.9,B,21.1297680981982,92.1870470012012,,bridge,11082,N1
1083,125.99999999997635,NaN,21.12938709009005,92.18747530660659,,link,11083,N1
1084,1.2,A,21.1290060819819,92.187903612012,,bridge,11084,N1
1085,112.99999999999955,NaN,21.12866438423415,92.18828772717714,,link,11085,N1
1086,1.2,A,21.1283226864864,92.1886718423423,,bridge,11086,N1
1087,76.99999999999818,NaN,21.12808984819815,92.18893358453451,,link,11087,N1
1088,1.2,B,21.1278570099099,92.1891953267267,,bridge,11088,N1
1089,391.00000000001955,NaN,21.12648034931695,92.19028139837815,,link,11089,N1
1090,6.4,A,21.125103688724,92.1913674700296,,bridge,11090,N1
1091,181.99999999995953,NaN,21.1244320913769,92.19176317904464,,link,11091,N1
1092,3.35,A,21.1237604940298,92.1921588880597,,bridge,11092,N1
1093,114.00000000003274,NaN,21.1233356509972,92.1924406188086,,link,11093,N1
1094,13.0,C,21.1229108079646,92.1927223495575,,bridge,11094,N1
1095,50.99999999998772,NaN,21.12272276238935,92.19284145486719,,link,11095,N1
1096,3.2,A,21.1225347168141,92.1929605601769,,bridge,11096,N1
1097,126.0000000000332,NaN,21.1220523042894,92.1932387630296,,link,11097,N1
1098,72.6,B,21.1215698917647,92.1935169658823,,bridge,11098,N1
1099,482.99999999994725,NaN,21.120015415053302,92.1949045974489,,link,11099,N1
1100,3.4,A,21.1184609383419,92.1962922290155,,bridge,11100,N1
1101,312.0000000000118,NaN,21.11721764224785,92.19668336066155,,link,11101,N1
1102,2.8,A,21.1159743461538,92.1970744923076,,bridge,11102,N1
1103,191.00000000003092,NaN,21.11526619787795,92.19754766193626,,link,11103,N1
1104,12.8,B,21.1145580496021,92.1980208315649,,bridge,11104,N1
1105,409.99999999996817,NaN,21.11322553224785,92.19930681684625,,link,11105,N1
1106,1.2,A,21.1118930148936,92.2005928021276,,bridge,11106,N1
1107,124.00000000002365,NaN,21.1113515828436,92.20134424820665,,link,11107,N1
1108,1.2,A,21.1108101507936,92.2020956942857,,bridge,11108,N1
1109,103.999999999985,NaN,21.11034702063485,92.20273767142855,,link,11109,N1
1110,1.2,A,21.1098838904761,92.2033796485714,,bridge,11110,N1
1111,192.99999999998363,NaN,21.10932761733105,92.2041087591694,,link,11111,N1
1112,2.8,A,21.108771344186,92.2048378697674,,bridge,11112,N1
1113,160.000000000025,NaN,21.108543939534847,92.20508592558136,,link,11113,N1
1114,2.8,A,21.1083165348837,92.2053339813953,,bridge,11114,N1
1115,214.999999999975,NaN,21.108074917441847,92.20572064297035,,link,11115,N1
1116,1.2,A,21.1078333,92.2061073045454,,bridge,11116,N1
1117,295.0000000000159,NaN,21.106563866666647,92.20675273227269,,link,11117,N1
1118,1.2,C,21.1052944333333,92.20739816,,bridge,11118,N1
1119,396.000000000015,NaN,21.10366200184105,92.20766880761624,,link,11119,N1
1120,34.2,A,21.1020295703488,92.2079394552325,,bridge,11120,N1
1121,188.99999999996453,NaN,21.1013034924471,92.20825875307075,,link,11121,N1
1122,3.0,A,21.1005774145454,92.208578050909,,bridge,11122,N1
1123,231.0000000000514,NaN,21.099724223062147,92.2091179833492,,link,11123,N1
1124,1.2,A,21.0988710315789,92.2096579157894,,bridge,11124,N1
1125,478.999999999985,NaN,21.096951148746797,92.21055900664155,,link,11125,N1
1126,2.7,A,21.0950312659147,92.2114600974937,,bridge,11126,N1
1127,69.00000000001683,NaN,21.09473824072675,92.21156818020046,,link,11127,N1
1128,2.7,A,21.0944452155388,92.2116762629072,,bridge,11128,N1
1129,243.99999999997135,NaN,21.093413973275702,92.21199370518775,,link,11129,N1
1130,4.2,A,21.0923827310126,92.2123111474683,,bridge,11130,N1
1131,221.00000000000364,NaN,21.09145437742115,92.2125978688405,,link,11131,N1
1132,2.7,A,21.0905260238297,92.2128845902127,,bridge,11132,N1
1133,209.00000000000318,NaN,21.089696528966847,92.21329007863235,,link,11133,N1
1134,1.2,A,21.088867034104,92.213695567052,,bridge,11134,N1
1135,245.00000000000455,NaN,21.08791309190745,92.21426597095375,,link,11135,N1
1136,2.8,A,21.0869591497109,92.2148363748555,,bridge,11136,N1
1137,58.99999999996908,NaN,21.08672942485545,92.21497373742775,,link,11137,N1
1138,1.2,A,21.0864997,92.2151111,,bridge,11138,N1
1139,254.0000000000191,NaN,21.08545610197625,92.21551547272725,,link,11139,N1
1140,14.0,A,21.0844125039525,92.2159198454545,,bridge,11140,N1
1141,262.9999999999768,NaN,21.0833272249492,92.2162605315861,,link,11141,N1
1142,1.2,A,21.0822419459459,92.2166012177177,,bridge,11142,N1
1143,224.00000000004638,NaN,21.081342465830048,92.2170026445731,,link,11143,N1
1144,1.0,A,21.0804429857142,92.2174040714285,,bridge,11144,N1
1145,161.00000000000136,NaN,21.079833665845598,92.21776368322381,,link,11145,N1
1146,1.0,A,21.079224345977,92.2181232950191,,bridge,11146,N1
1147,298.0000000000018,NaN,21.0782534554885,92.2190266821249,,link,11147,N1
1148,3.0,A,21.077282565,92.2199300692307,,bridge,11148,N1
1149,245.9999999999809,NaN,21.0764998626158,92.220682733264,,link,11149,N1
1150,6.1,C,21.0757171602316,92.2214353972973,,bridge,11150,N1
1151,202.99999999997453,NaN,21.07494747258155,92.2218421709089,,link,11151,N1
1152,5.8,A,21.0741777849315,92.2222489445205,,bridge,11152,N1
1153,258.0000000000382,NaN,21.07333536581735,92.22288087665585,,link,11153,N1
1154,1.3,A,21.0724929467032,92.2235128087912,,bridge,11154,N1
1155,181.99999999995953,NaN,21.0718624111721,92.22390258869045,,link,11155,N1
1156,5.8,B,21.071231875641,92.2242923685897,,bridge,11156,N1
1157,207.00000000005048,NaN,21.07038410448715,92.22443056762815,,link,11157,N1
1158,7.5,C,21.0695363333333,92.2245687666666,,bridge,11158,N1
1159,527.9999999999632,NaN,21.06728809080455,92.22455165823749,,link,11159,N1
1160,1.2,A,21.0650398482758,92.2245345498084,,bridge,11160,N1
1161,639.9999999999864,NaN,21.06245675502025,92.22545837956105,,link,11161,N1
1162,30.9,B,21.0598736617647,92.2263822093137,,bridge,11162,N1
1163,212.00000000004593,NaN,21.058931712461252,92.22644562746385,,link,11163,N1
1164,1.2,C,21.0579897631578,92.226509045614,,bridge,11164,N1
1165,188.99999999996453,NaN,21.057142057937547,92.22657716438304,,link,11165,N1
1166,9.4,B,21.0562943527173,92.2266452831521,,bridge,11166,N1
1167,274.0000000000009,NaN,21.05529055621975,92.2270519906501,,link,11167,N1
1168,11.8,B,21.0542867597222,92.2274586981481,,bridge,11168,N1
1169,420.99999999999227,NaN,21.0531137094907,92.22857759660491,,link,11169,N1
1170,2.8,C,21.0519406592592,92.2296964950617,,bridge,11170,N1
1171,477.0000000000323,NaN,21.051394632804197,92.23160481604936,,link,11171,N1
1172,1.2,C,21.0508486063492,92.233513137037,,bridge,11172,N1
1173,544.9999999999591,NaN,21.048654227190298,92.2343168882035,,link,11173,N1
1174,31.7,C,21.0464598480314,92.23512063937,,bridge,11174,N1
1175,501.0000000000332,NaN,21.0443625246454,92.2359379228336,,link,11175,N1
1176,1.2,C,21.0422652012594,92.2367552062972,,bridge,11176,N1
1177,228.00000000000864,NaN,21.041353026370402,92.23720466351895,,link,11177,N1
1178,1.2,C,21.0404408514814,92.2376541207407,,bridge,11178,N1
1179,343.9999999999941,NaN,21.039042905555497,92.23835307777776,,link,11179,N1
1180,6.2,A,21.0376449596296,92.2390520348148,,bridge,11180,N1
1181,449.0000000000123,NaN,21.035837902693,92.23987920338524,,link,11181,N1
1182,32.1,B,21.0340308457564,92.2407063719557,,bridge,11182,N1
1183,695.9999999999695,NaN,21.03099265691775,92.24114609826594,,link,11183,N1
1184,4.4,A,21.0279544680791,92.2415858245762,,bridge,11184,N1
1185,252.9999999999859,NaN,21.0268071699247,92.2416949972163,,link,11185,N1
1186,2.9,A,21.0256598717703,92.2418041698564,,bridge,11186,N1
1187,689.0000000000214,NaN,21.022734309438853,92.24230909877114,,link,11187,N1
1188,2.8,A,21.0198087471074,92.2428140276859,,bridge,11188,N1
1189,307.9999999999927,NaN,21.018575251573,92.24332625200715,,link,11189,N1
1190,2.8,A,21.0173417560386,92.2438384763284,,bridge,11190,N1
1191,187.00000000001182,NaN,21.016635395206798,92.2442975881642,,link,11191,N1
1192,1.9,A,21.015929034375,92.2447567,,bridge,11192,N1
1193,862.9999999999995,NaN,21.0128488406052,92.2471472120253,,link,11193,N1
1194,45.6,B,21.0097686468354,92.2495377240506,,bridge,11194,N1
1195,540.0000000000205,NaN,21.0077969715309,92.25090878148279,,link,11195,N1
1196,2.8,B,21.0058252962264,92.252279838915,,bridge,11196,N1
1197,750.9999999999764,NaN,21.002615596427802,92.2530006327159,,link,11197,N1
1198,12.5,C,20.9994058966292,92.2537214265168,,bridge,11198,N1
1199,1163.000000000011,NaN,20.9943820795814,92.25414632963304,,link,11199,N1
1200,29.9,C,20.9893582625336,92.2545712327493,,bridge,11200,N1
1201,956.9999999999936,NaN,20.98534499073985,92.2533423579105,,link,11201,N1
1202,1.2,C,20.9813317189461,92.2521134830717,,bridge,11202,N1
1203,274.99999999997726,NaN,20.98017984815015,92.2516681649663,,link,11203,N1
1204,36.6,A,20.9790279773542,92.2512228468609,,bridge,11204,N1
1205,374.00000000002365,NaN,20.97748259947845,92.25060635618306,,link,11205,N1
1206,2.8,A,20.9759372216027,92.2499898655052,,bridge,11206,N1
1207,317.0000000000073,NaN,20.97460769930305,92.24968299036,,link,11207,N1
1208,30.4,B,20.9732781770034,92.2493761152148,,bridge,11208,N1
1209,491.9999999999618,NaN,20.971217629881,92.2490145081821,,link,11209,N1
1210,1.2,A,20.9691570827586,92.2486529011494,,bridge,11210,N1
1211,161.00000000000136,NaN,20.9685052489423,92.24881249805365,,link,11211,N1
1212,8.8,B,20.967853415126,92.2489720949579,,bridge,11212,N1
1213,337.00000000004593,NaN,20.9667110050407,92.2499222439181,,link,11213,N1
1214,1.2,A,20.9655685949554,92.2508723928783,,bridge,11214,N1
1215,89.99999999997499,NaN,20.96526824332335,92.2511506317507,,link,11215,N1
1216,1.2,A,20.9649678916913,92.2514288706231,,bridge,11216,N1
1217,100.00000000002274,NaN,20.964578586867297,92.25165532045085,,link,11217,N1
1218,1.2,A,20.9641892820433,92.2518817702786,,bridge,11218,N1
1219,344.99999999997044,NaN,20.96280621334305,92.25256788156784,,link,11219,N1
1220,9.2,A,20.9614231446428,92.2532539928571,,bridge,11220,N1
1221,175.00000000001137,NaN,20.960684070003502,92.25348636596495,,link,11221,N1
1222,41.75,B,20.9599449953642,92.2537187390728,,bridge,11222,N1
1223,338.0000000000223,NaN,20.95852250415265,92.25418569894815,,link,11223,N1
1224,1.2,A,20.9571000129411,92.2546526588235,,bridge,11224,N1
1225,260.99999999996726,NaN,20.9560194276015,92.25509195589984,,link,11225,N1
1226,7.5,A,20.9549388422619,92.2555312529762,,bridge,11226,N1
1227,746.0000000000377,NaN,20.952041987266398,92.256976070512,,link,11227,N1
1228,35.5,A,20.9491451322709,92.2584208880478,,bridge,11228,N1
1229,152.99999999996317,NaN,20.9486494096137,92.2588421081543,,link,11229,N1
1230,1.5,A,20.9481536869565,92.2592633282608,,bridge,11230,N1
1231,160.000000000025,NaN,20.94762423969035,92.25952581791825,,link,11231,N1
1232,2.7,A,20.9470947924242,92.2597883075757,,bridge,11232,N1
1233,183.99999999996908,NaN,20.94647279246875,92.26006080378785,,link,11233,N1
1234,1.2,A,20.9458507925133,92.2603333,,bridge,11234,N1
1235,384.9999999999909,NaN,20.9443196576928,92.260465056117,,link,11235,N1
1236,38.6,C,20.9427885228723,92.260596812234,,bridge,11236,N1
1237,656.0000000000059,NaN,20.940046891436147,92.26148589111699,,link,11237,N1
1238,51.0,B,20.93730526,92.26237497,,bridge,11238,N1
1239,576.9999999999982,NaN,20.93486564597935,92.262994185,,link,11239,N1
1240,13.5,A,20.9324260319587,92.2636134,,bridge,11240,N1
1241,63.00000000004502,NaN,20.93215090219065,92.26366301249999,,link,11241,N1
1242,13.5,A,20.9318757724226,92.263712625,,bridge,11242,N1
1243,168.99999999998272,NaN,20.931137725901998,92.26384571249994,,link,11243,N1
1244,2.7,A,20.9303996793814,92.2639787999999,,bridge,11244,N1
1245,257.000000000005,NaN,20.9292685334407,92.26413999843746,,link,11245,N1
1246,34.8,C,20.9281373875,92.264301196875,,bridge,11246,N1
1247,322.00000000000273,NaN,20.92676320779195,92.26462317770255,,link,11247,N1
1248,2.7,D,20.9253890280839,92.2649451585301,,bridge,11248,N1
1249,577.9999999999745,NaN,20.9231583368721,92.2661989832273,,link,11249,N1
1250,37.6,B,20.9209276456603,92.2674528079245,,bridge,11250,N1
1251,269.00000000000546,NaN,20.9199079228301,92.26808022896225,,link,11251,N1
1252,1.2,A,20.9188881999999,92.26870765,,bridge,11252,N1
1253,110.99999999999,NaN,20.91844216999995,92.26890427214285,,link,11253,N1
1254,6.0,A,20.91799614,92.2691008942857,,bridge,11254,N1
1255,168.00000000000637,NaN,20.917351319019602,92.26947901871145,,link,11255,N1
1256,6.0,A,20.9167064980392,92.2698571431372,,bridge,11256,N1
1257,175.00000000001137,NaN,20.91603861022645,92.27029055691341,,link,11257,N1
1258,1.2,B,20.9153707224137,92.2707239706896,,bridge,11258,N1
1259,96.00000000000364,NaN,20.91500290172405,92.27096533620684,,link,11259,N1
1260,2.8,A,20.9146350810344,92.2712067017241,,bridge,11260,N1
1261,293.00000000000637,NaN,20.913655118483298,92.271963911879,,link,11261,N1
1262,33.7,A,20.9126751559322,92.2727211220339,,bridge,11262,N1
1263,144.00000000000546,NaN,20.91214972729345,92.27303176146535,,link,11263,N1
1264,1.3,A,20.9116242986547,92.2733424008968,,bridge,11264,N1
1265,159.99999999996817,NaN,20.9110263973094,92.27374100179364,,link,11265,N1
1266,29.3,A,20.9104284959641,92.2741396026905,,bridge,11266,N1
1267,81.00000000001728,NaN,20.91012580840805,92.27434139439455,,link,11267,N1
1268,10.6,A,20.909823120852,92.2745431860986,,bridge,11268,N1
1269,48.99999999997817,NaN,20.909640013565,92.27466525762324,,link,11269,N1
1270,10.6,A,20.909456906278,92.2747873291479,,bridge,11270,N1
1271,192.00000000000728,NaN,20.9087445170045,92.275238957221,,link,11271,N1
1272,30.0,A,20.908032127731,92.2756905852941,,bridge,11272,N1
1273,76.99999999999818,NaN,20.907740045378098,92.2758748191176,,link,11273,N1
1274,2.8,A,20.9074479630252,92.2760590529411,,bridge,11274,N1
1275,210.00000000003638,NaN,20.9067125554963,92.2765723057388,,link,11275,N1
1276,2.8,A,20.9059771479674,92.2770855585365,,bridge,11276,N1
1277,88.99999999999864,NaN,20.90564114247685,92.27732972721344,,link,11277,N1
1278,2.8,A,20.9053051369863,92.2775738958904,,bridge,11278,N1
1279,99.9999999999659,NaN,20.90493849607045,92.27782536701736,,link,11279,N1
1280,17.5,A,20.9045718551546,92.2780768381443,,bridge,11280,N1
1281,122.99999999999045,NaN,20.90413155953605,92.27838503556694,,link,11281,N1
1282,8.3,A,20.9036912639175,92.2786932329896,,bridge,11282,N1
1283,72.00000000000273,NaN,20.90344701885195,92.278868945621,,link,11283,N1
1284,6.1,A,20.9032027737864,92.2790446582524,,bridge,11284,N1
1285,189.99999999999773,NaN,20.902543853291903,92.2794591239815,,link,11285,N1
1286,23.0,A,20.9018849327974,92.2798735897106,,bridge,11286,N1
1287,816.0000000000309,NaN,20.89949189354155,92.2824671781886,,link,11287,N1
1288,15.1,A,20.8970988542857,92.2850607666666,,bridge,11288,N1
1289,385.99999999996726,NaN,20.896094234285698,92.286506572619,,link,11289,N1
1290,9.0,A,20.8950896142857,92.2879523785714,,bridge,11290,N1
1291,462.00000000004593,NaN,20.89368036416035,92.28946820595235,,link,11291,N1
1292,9.0,A,20.892271114035,92.2909840333333,,bridge,11292,N1
1293,585.9999999999559,NaN,20.891214783297798,92.29335105669361,,link,11293,N1
1294,37.3,B,20.8901584525606,92.2957180800539,,bridge,11294,N1
1295,882.000000000005,NaN,20.8873625883056,92.2972169845417,,link,11295,N1
1296,1.5,A,20.8845667240506,92.2987158890295,,bridge,11296,N1
1297,185.00000000000227,NaN,20.88381858639235,92.2984394233122,,link,11297,N1
1298,1.5,C,20.8830704487341,92.2981629575949,,bridge,11298,N1
1299,247.0000000000141,NaN,20.88202783585195,92.29797017879744,,link,11299,N1
1300,35.9,C,20.8809852229698,92.2977774,,bridge,11300,N1
1301,2388.0000000000337,NaN,20.8719509614849,92.2979302,,link,11301,N1
1302,4.0,,20.8629167,92.298083,,sink,11302,N1
